Nhóm Sản Phẩm,Phân Khúc,Model Thống Kê,Dự Báo Nền (Base),HS Tháng 1 (Tự động),HS Tháng 2 (Tự động),HS Tháng 3 (Tự động),Dự Báo T1/2026,Dự Báo T2/2026,Dự Báo T3/2026,TỔNG NHẬP Q1/2026
02.L1.6060.7xxx,D - COLD START,Croston,664.0,1.0,1.0,1.0,664.0,664.0,664.0,1992.0
03.L1.3060.7368,D - COLD START,Croston,160.0,1.0,1.0,1.0,160.0,160.0,160.0,480.0
05.L1.3060.USG36001_,D - COLD START,Naive,734.0,1.0,1.0,1.0,734.0,734.0,734.0,2202.0
05.L1.3060.USG36002_,D - COLD START,Naive,390.0,1.0,1.0,1.0,390.0,390.0,390.0,1170.0
05.L1.3060.USG36003_,D - COLD START,Naive,696.0,1.0,1.0,1.0,696.0,696.0,696.0,2088.0
05.L1.3060.USG36004,D - COLD START,Naive,531.0,1.0,1.0,1.0,531.0,531.0,531.0,1593.0
05.L1.3060.USG36005_,D - COLD START,Naive,2570.0,1.0,1.0,1.0,2570.0,2570.0,2570.0,7710.0
05.L1.3060.USG36006,D - COLD START,Naive,598.0,1.0,1.0,1.0,598.0,598.0,598.0,1794.0
05.L1.6060.68600X,B - LIGHTWEIGHT ML,Croston,14126.57,0.32,0.65,1.17,4561.0,9173.0,16550.0,30284.0
05.L1.6060.IP600X,B - LIGHTWEIGHT ML,Naive,1046.0,1.16,0.83,0.78,1213.0,865.0,816.0,2894.0
05.L1.8080.68800X,B - LIGHTWEIGHT ML,SES,4717.72,0.33,0.19,0.41,1574.0,894.0,1934.0,4402.0
05.L1.8080.IP800X,B - LIGHTWEIGHT ML,Naive,252.0,0.31,0.46,0.23,79.0,116.0,58.0,253.0
05.L2.6060.IP600X,D - COLD START,Croston,5280.0,1.0,1.0,1.0,5280.0,5280.0,5280.0,15840.0
05.L2.8080.IP800(5-6),D - COLD START,Croston,957.0,1.0,1.0,1.0,957.0,957.0,957.0,2871.0
09.L1.3060.CA8GM3603-4,B - LIGHTWEIGHT ML,Naive,0.0,0.95,0.47,0.69,0.0,0.0,0.0,0.0
09.L1.3060.CAGM36DX,B - LIGHTWEIGHT ML,Naive,0.0,1.95,0.19,1.68,0.0,0.0,0.0,0.0
10.L1.3060.502X,B - LIGHTWEIGHT ML,Naive,0.0,0.68,0.84,0.69,0.0,0.0,0.0,0.0
10.L1.3060.576x,B - LIGHTWEIGHT ML,Naive,0.0,0.44,0.79,2.08,0.0,0.0,0.0,0.0
10.L1.3060.680xx,B - LIGHTWEIGHT ML,Naive,1049.0,0.65,1.43,1.65,680.0,1503.0,1730.0,3913.0
10.L1.3060.780x,B - LIGHTWEIGHT ML,Naive,0.0,0.45,0.72,1.86,0.0,0.0,0.0,0.0
10.L1.5050.53xx,B - LIGHTWEIGHT ML,Naive,534.0,0.2,0.92,2.75,109.0,490.0,1467.0,2066.0
10.L1.5050.A53xx,B - LIGHTWEIGHT ML,Naive,1212.0,1.08,0.77,0.99,1306.0,929.0,1201.0,3436.0
10.L1.6060.56(80-90),B - LIGHTWEIGHT ML,MA3,381.0,0.43,0.8,1.25,165.0,306.0,474.0,945.0
10.L1.6060.57xx,B - LIGHTWEIGHT ML,Naive,963.0,0.84,0.55,1.53,811.0,528.0,1478.0,2817.0
10.L1.6060.610(3-6),B - LIGHTWEIGHT ML,Naive,0.0,0.92,0.61,1.1,0.0,0.0,0.0,0.0
10.L1.6060.7400x,B - LIGHTWEIGHT ML,Naive,404.0,0.29,0.26,1.03,118.0,103.0,416.0,637.0
"10.L1.6060.7560(4,5,6)",B - LIGHTWEIGHT ML,Naive,42.0,1.37,0.86,1.12,57.0,36.0,47.0,140.0
"10.L1.8080.7500(4,5,6)",B - LIGHTWEIGHT ML,Naive,241.0,0.74,0.34,0.77,178.0,82.0,186.0,446.0
10.L3.3060.46xx,D - COLD START,Croston,9728.0,1.0,1.0,1.0,9728.0,9728.0,9728.0,29184.0
10.L3.3060.5067,D - COLD START,Croston,2064.0,1.0,1.0,1.0,2064.0,2064.0,2064.0,6192.0
12.L1.2550.A25(18-39),B - LIGHTWEIGHT ML,Naive,498.0,1.64,0.35,0.53,815.0,177.0,266.0,1258.0
12.L1.3030.30(18/19),B - LIGHTWEIGHT ML,Naive,0.0,0.43,1.43,1.58,0.0,0.0,0.0,0.0
"12.L1.3030.300(2,5)",B - LIGHTWEIGHT ML,Naive,0.0,0.52,1.89,1.28,0.0,0.0,0.0,0.0
14.L1.1590.AF091973001,D - COLD START,Croston,16.0,1.0,1.0,1.0,16.0,16.0,16.0,48.0
14.L1.3060.A36610,D - COLD START,Croston,96.0,1.0,1.0,1.0,96.0,96.0,96.0,288.0
"14.L1.3060.A36801(D,V)",B - LIGHTWEIGHT ML,MA3,1071.0,0.33,0.65,1.17,353.0,700.0,1256.0,2309.0
"14.L1.3060.A36CB8006(D,V)",B - LIGHTWEIGHT ML,WMA,1256.6,0.7,0.77,0.84,875.0,971.0,1057.0,2903.0
"14.L1.3060.A36CB8010(D,V)",B - LIGHTWEIGHT ML,MA3,2393.33,0.87,0.06,1.12,2083.0,145.0,2680.0,4908.0
"14.L1.3060.A36CW8005(D,V)",B - LIGHTWEIGHT ML,SES,1440.48,0.68,0.25,0.86,979.0,361.0,1234.0,2574.0
"14.L1.3060.A36CW8007(D,V)",B - LIGHTWEIGHT ML,Naive,780.0,1.3,0.17,0.47,1011.0,134.0,365.0,1510.0
"14.L1.3060.A36CW8008(D,V)",B - LIGHTWEIGHT ML,Naive,1923.0,0.69,0.35,0.61,1334.0,681.0,1170.0,3185.0
"14.L1.3060.A36CW8009(D,V)",B - LIGHTWEIGHT ML,SES,1211.95,0.81,0.23,0.87,980.0,276.0,1058.0,2314.0
14.L1.3060.A36MA8017,B - LIGHTWEIGHT ML,SES,3162.91,0.26,0.5,0.34,815.0,1567.0,1064.0,3446.0
14.L1.3060.A36MD9016(D),B - LIGHTWEIGHT ML,Naive,381.0,0.61,0.3,0.53,232.0,114.0,203.0,549.0
14.L1.3060.A36MG9012(D),B - LIGHTWEIGHT ML,Naive,492.0,0.91,0.33,0.99,450.0,162.0,486.0,1098.0
"14.L1.3060.A36ML801(2,6)",B - LIGHTWEIGHT ML,SES,4484.18,0.9,0.39,0.67,4031.0,1755.0,3014.0,8800.0
14.L1.3060.A36MN9017(D),B - LIGHTWEIGHT ML,Naive,1115.0,0.28,0.32,0.47,315.0,355.0,528.0,1198.0
14.L1.3060.A36PG8015,B - LIGHTWEIGHT ML,WMA,1005.2,0.71,0.27,0.68,717.0,271.0,687.0,1675.0
14.L1.3060.A36PM9015(D),B - LIGHTWEIGHT ML,Naive,176.0,0.85,0.3,0.73,150.0,53.0,129.0,332.0
"14.L1.3060.A36PW8000(D,V)",B - LIGHTWEIGHT ML,MA3,5610.67,0.72,0.35,1.1,4039.0,1984.0,6175.0,12198.0
14.L1.3060.A36SG404(D),B - LIGHTWEIGHT ML,MA3,229.0,1.73,0.33,1.97,397.0,75.0,450.0,922.0
14.L1.3060.A36SG405(D),B - LIGHTWEIGHT ML,Naive,38.0,0.74,0.22,0.19,28.0,8.0,7.0,43.0
"14.L1.3060.A36SW30(4,5)",B - LIGHTWEIGHT ML,SES,1342.15,1.12,0.14,1.4,1500.0,191.0,1882.0,3573.0
14.L1.3060.M36BL603,D - COLD START,Croston,1182.0,1.0,1.0,1.0,1182.0,1182.0,1182.0,3546.0
"14.L1.6060.A66(CB8052,CG8051,DT8053,EB8058,EG8057,MD8061,MG8054, MW8056)",B - LIGHTWEIGHT ML,Naive,805.0,0.91,0.41,0.93,736.0,331.0,745.0,1812.0
14.L1.6060.A66OW8055,B - LIGHTWEIGHT ML,SES,271.69,0.63,0.73,0.48,171.0,197.0,131.0,499.0
14.L1.6060.M66LD902,B - LIGHTWEIGHT ML,Naive,28.0,1.93,0.09,0.48,54.0,3.0,13.0,70.0
14.L1.6060.MS66199902,D - COLD START,Croston,92.0,1.0,1.0,1.0,92.0,92.0,92.0,276.0
14.L1.8012.BL81807,D - COLD START,Croston,10.0,1.0,1.0,1.0,10.0,10.0,10.0,30.0
"14.L3.3060.A36(822D,AG403)",D - COLD START,Croston,105.67,0.11,1.0,1.0,11.0,106.0,106.0,223.0
14.L3.6060.MS66199902,D - COLD START,Croston,56.0,1.0,1.0,1.0,56.0,56.0,56.0,168.0
14.L3.8080.AF10888008,D - COLD START,Croston,360.0,1.0,1.0,1.0,360.0,360.0,360.0,1080.0
18.CG10.CR.C0000.00,B - LIGHTWEIGHT ML,Croston,1864.55,0.58,4.81,2.67,1073.0,8974.0,4987.0,15034.0
"20.L1.1580.9115(1,2,3,4)",B - LIGHTWEIGHT ML,Croston,24056.44,0.51,0.65,0.48,12377.0,15687.0,11571.0,39635.0
"20.L1.1580.9118(1,2,3,4)",B - LIGHTWEIGHT ML,WMA,19031.8,0.9,0.3,0.5,17092.0,5655.0,9496.0,32243.0
20.L1.3030.U811(01-12),B - LIGHTWEIGHT ML,Naive,38578.0,0.63,0.72,0.87,24468.0,27951.0,33670.0,86089.0
"20.L1.5050.3510(1,2,6,7,8,9)",B - LIGHTWEIGHT ML,Naive,0.0,0.79,1.32,0.38,0.0,0.0,0.0,0.0
"20.L1.5050.352(01,05,07,08,09,10,11)",B - LIGHTWEIGHT ML,MA3,209.33,0.63,2.08,0.82,133.0,436.0,172.0,741.0
20.L1.5050.9150(1-8),B - LIGHTWEIGHT ML,Naive,4075.0,0.53,1.05,2.47,2170.0,4269.0,10061.0,16500.0
20.L1.6060.1690(1-6),B - LIGHTWEIGHT ML,Naive,673.0,0.4,0.26,1.29,268.0,172.0,868.0,1308.0
20.L1.6060.26400/26500,B - LIGHTWEIGHT ML,Naive,0.0,0.44,0.46,1.72,0.0,0.0,0.0,0.0
20.L1.6060.2690(1-5),B - LIGHTWEIGHT ML,Naive,740.0,0.36,0.57,1.02,267.0,424.0,755.0,1446.0
20.L1.6060.3600(1-6),B - LIGHTWEIGHT ML,Naive,894.0,1.24,0.34,0.69,1108.0,307.0,620.0,2035.0
20.L1.6060.3690(2-6),B - LIGHTWEIGHT ML,MA3,266.33,0.98,0.19,0.76,261.0,52.0,202.0,515.0
"20.L1.6060.A1600(1,3,4)",B - LIGHTWEIGHT ML,Croston,2585.0,0.34,0.76,0.71,888.0,1977.0,1827.0,4692.0
20.L1.6060.A1690(1-6),B - LIGHTWEIGHT ML,MA3,8354.33,0.25,0.6,0.43,2062.0,4986.0,3579.0,10627.0
20.L1.6060.A1691(0-5),B - LIGHTWEIGHT ML,Croston,21252.08,0.54,0.52,1.28,11446.0,11113.0,27254.0,49813.0
20.L1.6060.A2690(1-5),B - LIGHTWEIGHT ML,Croston,5166.58,1.37,1.03,0.51,7084.0,5311.0,2629.0,15024.0
20.L1.6060.A2691(3-8),B - LIGHTWEIGHT ML,Croston,30781.75,0.88,0.45,1.21,27005.0,13902.0,37372.0,78279.0
20.L1.6060.A369(15-20),B - LIGHTWEIGHT ML,Croston,8606.08,0.22,0.47,1.14,1865.0,4006.0,9830.0,15701.0
20.L1.8080.189(01-15),B - LIGHTWEIGHT ML,SES,10525.79,0.76,0.41,0.76,7997.0,4283.0,7958.0,20238.0
20.L1.8080.289(01-18),B - LIGHTWEIGHT ML,Croston,12478.17,1.08,0.6,0.69,13488.0,7448.0,8648.0,29584.0
"20.L1.8080.3800(2,3,6)",B - LIGHTWEIGHT ML,SES,2424.15,0.73,0.68,0.68,1776.0,1642.0,1651.0,5069.0
20.L1.8080.389(01-20),B - LIGHTWEIGHT ML,Croston,3942.58,0.74,0.39,0.86,2922.0,1537.0,3380.0,7839.0
20.L1.8080.918(51-62),B - LIGHTWEIGHT ML,MA3,29015.33,0.56,0.24,0.56,16353.0,6849.0,16151.0,39353.0
21.CG1.CR.SF-CLASSIC.00,B - LIGHTWEIGHT ML,Croston,5193.44,0.21,1.94,1.8,1096.0,10065.0,9348.0,20509.0
21.CT.AQUAFLEXR77.GREY18/4,B - LIGHTWEIGHT ML,MA3,146.67,0.68,1.3,1.26,99.0,191.0,184.0,474.0
21.CT.PLANISEAL288.25,B - LIGHTWEIGHT ML,SES,10.68,0.73,0.09,0.27,8.0,1.0,3.0,12.0
21.PG.MAPELATEXVN.25/5,B - LIGHTWEIGHT ML,SES,252.02,0.24,0.14,1.02,60.0,35.0,258.0,353.0
21.UTRA.LS.KERANET,B - LIGHTWEIGHT ML,SES,3.93,0.4,0.08,0.24,2.0,0.0,1.0,3.0
25.L1.3060.FP3607,D - COLD START,Croston,1000.0,1.0,1.0,1.0,1000.0,1000.0,1000.0,3000.0
25.L1.6060.FP6604,D - COLD START,Naive,0.0,1.0,1.0,1.0,0.0,0.0,0.0,0.0
25.L2.6060.FP96666,D - COLD START,Croston,1408.0,1.0,1.0,1.0,1408.0,1408.0,1408.0,4224.0
29.L1.3060.FC3609T,D - COLD START,Naive,496.0,1.0,1.0,1.0,496.0,496.0,496.0,1488.0
"29.L1.3060.FC3610(D,V)",B - LIGHTWEIGHT ML,MA3,222.67,0.97,1.59,1.87,215.0,354.0,417.0,986.0
"29.L1.3060.FC3624(D,V)",B - LIGHTWEIGHT ML,SES,1188.02,1.28,0.11,0.72,1515.0,129.0,850.0,2494.0
"29.L1.3060.FC3625(D,V)",B - LIGHTWEIGHT ML,SES,1326.99,0.5,0.62,0.67,661.0,822.0,890.0,2373.0
"29.L1.3060.FC3626(D,V)",B - LIGHTWEIGHT ML,Naive,0.0,0.97,1.52,3.7,0.0,0.0,0.0,0.0
29.L1.3060.FC3636(D),B - LIGHTWEIGHT ML,MA3,7632.33,0.52,0.33,0.76,3981.0,2550.0,5820.0,12351.0
29.L1.3060.FC3637,B - LIGHTWEIGHT ML,MA3,9845.33,0.33,0.14,1.2,3260.0,1379.0,11817.0,16456.0
29.L1.3060.FC3638(D),B - LIGHTWEIGHT ML,Croston,9179.62,0.76,0.29,1.06,6954.0,2652.0,9763.0,19369.0
29.L1.3060.FC3639,B - LIGHTWEIGHT ML,Croston,6040.14,0.64,0.27,1.12,3895.0,1641.0,6768.0,12304.0
29.L1.3060.FC3640(D),B - LIGHTWEIGHT ML,Croston,2471.52,0.55,0.82,1.13,1357.0,2028.0,2790.0,6175.0
29.L1.3060.FC3641,B - LIGHTWEIGHT ML,Croston,1920.62,0.42,0.59,1.27,801.0,1127.0,2442.0,4370.0
29.L1.3060.FP3602(D),B - LIGHTWEIGHT ML,WMA,64.4,0.17,1.78,1.33,11.0,115.0,86.0,212.0
29.L1.3060.FP3603,B - LIGHTWEIGHT ML,Naive,6.0,0.39,1.28,0.9,2.0,8.0,5.0,15.0
29.L1.3060.FP3605(D),B - LIGHTWEIGHT ML,MA3,16.0,0.23,0.71,0.9,4.0,11.0,14.0,29.0
29.L1.3060.FP3607,B - LIGHTWEIGHT ML,MA3,127.67,0.74,1.27,0.8,94.0,162.0,102.0,358.0
29.L1.3060.FP3616(D),B - LIGHTWEIGHT ML,Naive,3.0,1.03,1.52,1.36,3.0,5.0,4.0,12.0
29.L1.3060.FP3617,B - LIGHTWEIGHT ML,Naive,0.0,0.74,1.24,1.23,0.0,0.0,0.0,0.0
"29.L1.3060.FP936601(D,V)",B - LIGHTWEIGHT ML,Naive,0.0,0.78,0.92,0.25,0.0,0.0,0.0,0.0
"29.L1.3060.FP936602(D,V)",B - LIGHTWEIGHT ML,Naive,107.0,0.42,0.6,2.07,45.0,64.0,221.0,330.0
29.L1.3060.FP936604(D),B - LIGHTWEIGHT ML,Naive,59.0,0.78,0.66,0.73,46.0,39.0,43.0,128.0
29.L1.3060.FP936605,B - LIGHTWEIGHT ML,Naive,8.0,1.12,0.63,0.88,9.0,5.0,7.0,21.0
29.L1.3060.FP936606(D),B - LIGHTWEIGHT ML,Naive,92.0,0.7,0.4,0.54,65.0,37.0,49.0,151.0
29.L1.3060.FP936607,B - LIGHTWEIGHT ML,Naive,243.0,0.29,0.33,1.09,70.0,81.0,264.0,415.0
"29.L1.3060.FP936608(D,V)",B - LIGHTWEIGHT ML,Naive,89.0,1.04,1.63,1.86,93.0,145.0,165.0,403.0
"29.L1.3060.FP936609(D,V)",B - LIGHTWEIGHT ML,Naive,189.0,1.0,0.44,1.56,188.0,84.0,295.0,567.0
29.L1.3060.FP936610(D),B - LIGHTWEIGHT ML,Naive,16.0,1.72,0.36,0.72,27.0,6.0,12.0,45.0
29.L1.3060.FP936611,B - LIGHTWEIGHT ML,Naive,304.0,1.26,0.89,0.7,382.0,271.0,212.0,865.0
29.L1.3060.FP936612(D),B - LIGHTWEIGHT ML,Naive,108.0,0.79,1.75,0.26,85.0,189.0,28.0,302.0
29.L1.3060.FP936613,B - LIGHTWEIGHT ML,Naive,0.0,1.2,0.85,1.09,0.0,0.0,0.0,0.0
"29.L1.3060.FPH3623(D,V)",B - LIGHTWEIGHT ML,MA3,364.0,0.67,2.22,1.2,242.0,808.0,436.0,1486.0
"29.L1.3060.FPH3624(D,V)",B - LIGHTWEIGHT ML,Naive,0.0,0.47,1.12,0.7,0.0,0.0,0.0,0.0
"29.L1.3060.FPH3625(D,V)",B - LIGHTWEIGHT ML,Naive,12.0,0.36,2.52,0.82,4.0,30.0,10.0,44.0
"29.L1.3060.FPH3626(D,V)",B - LIGHTWEIGHT ML,Croston,488.72,0.36,1.0,0.49,175.0,489.0,241.0,905.0
29.L1.3060.FUSC3621(D),B - LIGHTWEIGHT ML,Croston,12170.92,0.05,0.72,1.45,565.0,8815.0,17651.0,27031.0
29.L1.3060.FUSC3622,B - LIGHTWEIGHT ML,Croston,5695.15,0.02,1.08,1.98,103.0,6168.0,11261.0,17532.0
29.L1.3060.FUSC3625(D),B - LIGHTWEIGHT ML,Croston,5828.54,0.08,0.66,1.55,455.0,3869.0,9024.0,13348.0
29.L1.3060.FUSC3626,B - LIGHTWEIGHT ML,SES,5527.79,0.06,0.72,1.48,334.0,3999.0,8187.0,12520.0
29.L1.3060.FUSC3629(D),B - LIGHTWEIGHT ML,Croston,3489.64,0.55,0.46,0.81,1920.0,1615.0,2810.0,6345.0
29.L1.3060.FUSC3630,B - LIGHTWEIGHT ML,SES,4221.49,0.44,0.47,0.89,1850.0,2005.0,3761.0,7616.0
29.L1.3060.FUSC3631(D),B - LIGHTWEIGHT ML,SES,9469.08,0.17,0.82,1.26,1564.0,7759.0,11960.0,21283.0
29.L1.3060.FUSC3632,B - LIGHTWEIGHT ML,Naive,3481.0,0.11,0.77,0.97,380.0,2682.0,3393.0,6455.0
29.L1.3060.FUSC3637(D),B - LIGHTWEIGHT ML,Naive,6791.0,0.19,0.66,0.61,1296.0,4463.0,4150.0,9909.0
29.L1.3060.FUSC3638,B - LIGHTWEIGHT ML,WMA,6122.0,0.18,0.66,1.06,1096.0,4042.0,6492.0,11630.0
29.L1.3060.FUSC3639(D),B - LIGHTWEIGHT ML,Naive,1694.0,0.22,0.04,0.95,371.0,75.0,1606.0,2052.0
29.L1.3060.FUSC3640,B - LIGHTWEIGHT ML,Naive,3248.0,0.12,0.28,1.21,391.0,917.0,3940.0,5248.0
29.L1.4060.FX46202,B - LIGHTWEIGHT ML,SES,3293.74,2.63,0.47,0.69,8659.0,1532.0,2275.0,12466.0
"29.L1.4060.FXK462(50,51,54,55,56,58)",B - LIGHTWEIGHT ML,WMA,21174.3,1.02,0.44,0.85,21494.0,9304.0,17901.0,48699.0
29.L1.4060.FXU4600(1-3),B - LIGHTWEIGHT ML,WMA,9033.1,1.18,0.42,0.58,10653.0,3833.0,5227.0,19713.0
"29.L1.4080.FC4801(D,V)",B - LIGHTWEIGHT ML,Naive,0.0,0.17,3.48,1.15,0.0,0.0,0.0,0.0
"29.L1.4080.FC4804(D,V)",B - LIGHTWEIGHT ML,WMA,1750.5,0.14,0.09,0.17,252.0,156.0,305.0,713.0
"29.L1.4080.FC4806(D,V)",B - LIGHTWEIGHT ML,Croston,5629.0,0.04,0.03,0.16,240.0,147.0,876.0,1263.0
"29.L1.4080.FC4808(D,V)",B - LIGHTWEIGHT ML,Naive,5923.0,0.04,1.0,0.09,222.0,5923.0,510.0,6655.0
"29.L1.4080.FC4809(D,V)",B - LIGHTWEIGHT ML,Naive,1018.0,0.08,0.16,0.1,77.0,167.0,103.0,347.0
"29.L1.4080.FP948601(D,V)",B - LIGHTWEIGHT ML,Naive,230.0,0.57,0.92,0.17,130.0,211.0,38.0,379.0
"29.L1.4080.FP948602(D,V)",B - LIGHTWEIGHT ML,WMA,272.1,1.41,1.66,1.02,384.0,453.0,277.0,1114.0
"29.L1.4080.FP948603(D,V)",B - LIGHTWEIGHT ML,Naive,478.0,0.54,1.49,0.95,259.0,714.0,455.0,1428.0
"29.L1.4080.FP948604D,V)",B - LIGHTWEIGHT ML,Naive,262.0,0.89,0.46,1.02,233.0,122.0,266.0,621.0
"29.L1.5050.FC(5001,5005,5006)",B - LIGHTWEIGHT ML,MA3,3621.0,0.56,0.49,1.66,2043.0,1760.0,6021.0,9824.0
"29.L1.5050.FCU(5507,5516,5521,5524)",B - LIGHTWEIGHT ML,WMA,11834.0,0.43,0.48,1.2,5105.0,5700.0,14256.0,25061.0
"29.L1.6060.FP(966602,966605,96666)",B - LIGHTWEIGHT ML,Naive,61.0,1.75,1.55,1.14,107.0,95.0,70.0,272.0
"29.L1.6060.FP966(00,01,04,06,08)",B - LIGHTWEIGHT ML,Naive,45.0,1.09,0.49,1.03,49.0,22.0,47.0,118.0
29.L1.6060.FPU(6000-6018),B - LIGHTWEIGHT ML,Naive,1157.0,0.37,0.49,1.15,434.0,564.0,1335.0,2333.0
"29.L1.6060.FPU9660(01,02,03,05,09,13)",B - LIGHTWEIGHT ML,Naive,3.0,0.91,0.81,0.86,3.0,2.0,3.0,8.0
"29.L1.8080.FP186(00,01,04,06,07,08)",B - LIGHTWEIGHT ML,Naive,127.0,0.76,0.42,0.15,97.0,54.0,19.0,170.0
29.L1.8080.FP18666,B - LIGHTWEIGHT ML,Naive,3.0,1.32,0.77,1.88,4.0,2.0,6.0,12.0
"29.L1.8080.FPU1880(11,13,17)",B - LIGHTWEIGHT ML,Naive,65.0,1.14,0.23,0.17,74.0,15.0,11.0,100.0
"29.L1.8080.FPU1880(33,35)",B - LIGHTWEIGHT ML,Naive,86.0,0.9,0.32,0.74,77.0,27.0,63.0,167.0
"29.L1.8080.FPU18800(3,5)",B - LIGHTWEIGHT ML,MA3,197.33,0.52,0.21,0.53,102.0,41.0,105.0,248.0
"29.L1.8080.FPU80(11,13,14,16,17)",B - LIGHTWEIGHT ML,MA3,22.0,0.95,0.11,1.11,21.0,2.0,24.0,47.0
29.L1.8080.FPU800(0-7),B - LIGHTWEIGHT ML,Naive,0.0,1.0,0.2,0.76,0.0,0.0,0.0,0.0
29.L1.8080.FPU8888,B - LIGHTWEIGHT ML,Croston,254.49,0.55,0.2,1.96,139.0,51.0,499.0,689.0
29.L2.8080.FPU188003,D - COLD START,Naive,0.0,1.0,1.0,1.0,0.0,0.0,0.0,0.0
"29.L2.8080.FPU80(07,13)",D - COLD START,Croston,885.0,1.81,1.0,1.0,1602.0,885.0,885.0,3372.0
"33.L1.ICO-020120-1100(2,5)",B - LIGHTWEIGHT ML,Croston,645.98,0.08,0.28,0.26,53.0,182.0,167.0,402.0
35.C100.DG.B16.00,B - LIGHTWEIGHT ML,Croston,28117.11,0.72,1.46,1.53,20132.0,41136.0,43014.0,104282.0
35.C1T0.DG.B18.00,B - LIGHTWEIGHT ML,Croston,1013.7,1.04,1.0,1.0,1050.0,1014.0,1014.0,3078.0
35.CG10.CR.B31.00,B - LIGHTWEIGHT ML,Croston,735.26,0.67,0.66,1.9,491.0,482.0,1399.0,2372.0
"36.L1.3060.USC3601(D,V)",B - LIGHTWEIGHT ML,Naive,0.0,0.08,1.03,3.79,0.0,0.0,0.0,0.0
"36.L1.3060.USC3602(D,V)",B - LIGHTWEIGHT ML,MA3,1116.0,0.36,3.0,4.99,402.0,3348.0,5564.0,9314.0
"36.L1.3060.USC3603(D,V)",B - LIGHTWEIGHT ML,MA3,1037.0,0.02,1.23,3.69,20.0,1276.0,3823.0,5119.0
"36.L1.3060.USC3604(D,V)",B - LIGHTWEIGHT ML,WMA,424.7,0.17,0.29,3.01,73.0,125.0,1279.0,1477.0
36.L1.3060.USC3621(D),B - LIGHTWEIGHT ML,MA3,43.67,0.05,0.44,1.36,2.0,19.0,59.0,80.0
36.L1.3060.USC3622,B - LIGHTWEIGHT ML,Naive,0.0,0.13,0.39,1.81,0.0,0.0,0.0,0.0
36.L1.3060.USC3623(D),B - LIGHTWEIGHT ML,WMA,895.3,0.33,0.88,0.71,294.0,784.0,639.0,1717.0
36.L1.3060.USC3624,B - LIGHTWEIGHT ML,Naive,0.0,0.34,0.57,0.75,0.0,0.0,0.0,0.0
36.L1.3060.USC3625(D),B - LIGHTWEIGHT ML,Naive,0.0,0.55,0.3,1.64,0.0,0.0,0.0,0.0
36.L1.3060.USC3626,B - LIGHTWEIGHT ML,Naive,0.0,0.72,0.34,1.37,0.0,0.0,0.0,0.0
36.L1.3060.USC3627(D),B - LIGHTWEIGHT ML,MA3,193.33,0.44,0.11,0.77,85.0,22.0,148.0,255.0
36.L1.3060.USC3628,B - LIGHTWEIGHT ML,MA3,25.67,0.32,0.04,0.67,8.0,1.0,17.0,26.0
36.L1.3060.USC3629(D),B - LIGHTWEIGHT ML,Naive,0.0,0.72,0.33,0.87,0.0,0.0,0.0,0.0
36.L1.3060.USC3630,B - LIGHTWEIGHT ML,MA3,4.33,0.43,0.38,1.1,2.0,2.0,5.0,9.0
36.L1.3060.USC3631(D),B - LIGHTWEIGHT ML,MA3,391.33,0.09,0.18,1.42,35.0,69.0,556.0,660.0
36.L1.3060.USC3632,B - LIGHTWEIGHT ML,MA3,71.33,0.06,0.06,1.11,4.0,4.0,79.0,87.0
36.L1.3060.USC3633(D),B - LIGHTWEIGHT ML,Naive,1.0,0.57,0.3,1.3,1.0,0.0,1.0,2.0
36.L1.3060.USC3634,B - LIGHTWEIGHT ML,Naive,0.0,0.69,0.31,2.11,0.0,0.0,0.0,0.0
36.L1.3060.USC3635(D),B - LIGHTWEIGHT ML,SES,1314.28,0.43,0.24,1.48,564.0,315.0,1945.0,2824.0
36.L1.3060.USC3636,B - LIGHTWEIGHT ML,Naive,13.0,0.17,0.18,1.48,2.0,2.0,19.0,23.0
36.L1.3060.USC3637(D),B - LIGHTWEIGHT ML,Naive,0.0,0.09,0.33,0.83,0.0,0.0,0.0,0.0
36.L1.3060.USC3638,B - LIGHTWEIGHT ML,Croston,4550.29,1.0,0.63,0.69,4550.0,2859.0,3152.0,10561.0
36.L1.3060.USC3639(D),B - LIGHTWEIGHT ML,Naive,0.0,0.1,0.3,1.54,0.0,0.0,0.0,0.0
36.L1.3060.USC3640,B - LIGHTWEIGHT ML,MA3,78.0,0.03,0.29,1.34,2.0,22.0,105.0,129.0
36.L1.3060.USC3641(D),B - LIGHTWEIGHT ML,MA3,582.67,0.31,0.24,1.28,179.0,143.0,745.0,1067.0
36.L1.3060.USC3642,B - LIGHTWEIGHT ML,Naive,11.0,0.19,0.14,0.85,2.0,1.0,9.0,12.0
36.L1.3060.USC3645(D),B - LIGHTWEIGHT ML,Naive,0.0,0.09,0.18,1.92,0.0,0.0,0.0,0.0
36.L1.3060.USC3646,B - LIGHTWEIGHT ML,Croston,2461.23,0.06,0.04,1.07,140.0,100.0,2643.0,2883.0
36.L1.3060.USC3647(D),B - LIGHTWEIGHT ML,Naive,52.0,1.0,0.02,1.48,52.0,1.0,77.0,130.0
36.L1.3060.USC3648,B - LIGHTWEIGHT ML,MA3,7.33,1.0,0.01,2.12,7.0,0.0,16.0,23.0
36.L1.3060.USC3649(D),B - LIGHTWEIGHT ML,MA3,607.33,0.31,0.07,0.49,189.0,41.0,299.0,529.0
36.L1.3060.USC3650,B - LIGHTWEIGHT ML,Naive,0.0,0.06,0.01,0.25,0.0,0.0,0.0,0.0
36.L1.3060.USC3651(D),B - LIGHTWEIGHT ML,WMA,710.6,0.13,0.18,0.46,91.0,126.0,323.0,540.0
36.L1.3060.USC3652,B - LIGHTWEIGHT ML,WMA,48.0,0.09,0.02,0.43,4.0,1.0,21.0,26.0
36.L1.6060.IP600(1-7),B - LIGHTWEIGHT ML,SES,192.12,1.0,0.0,4.56,192.0,0.0,876.0,1068.0
36.L1.6060.N6002,D - COLD START,Croston,160.0,1.0,1.0,1.0,160.0,160.0,160.0,480.0
"36.L2.3060.USC364(0,1)",D - COLD START,Croston,868.0,1.0,1.33,0.67,868.0,1152.0,584.0,2604.0
36.L2.6060.IP600(1-7),D - COLD START,Croston,4730.0,1.0,1.0,1.77,4730.0,4730.0,8392.0,17852.0
36.L2.8080.IP800(1-7),D - COLD START,Croston,3090.0,1.0,1.0,1.0,3090.0,3090.0,3090.0,9270.0
36.L3.3060.USC3601D,D - COLD START,Croston,344.0,1.0,1.0,1.0,344.0,344.0,344.0,1032.0
36.L3.3060.USC364(0-2),D - COLD START,Croston,2432.0,1.0,1.0,1.0,2432.0,2432.0,2432.0,7296.0
36.L3.6060.IP600(1-7),D - COLD START,Croston,610.0,1.0,1.0,1.77,610.0,610.0,1082.0,2302.0
36.L3.8080.IP800(1-7),D - COLD START,Croston,2988.0,1.0,1.0,1.0,2988.0,2988.0,2988.0,8964.0
37.C100.DG.VINASTAR.00,B - LIGHTWEIGHT ML,Croston,56892.11,0.44,2.67,0.44,25300.0,152050.0,25162.0,202512.0
37.C1T0.DG.VNS-PLUS.00,B - LIGHTWEIGHT ML,MA3,26100.0,0.26,0.68,0.37,6842.0,17747.0,9594.0,34183.0
37.CG2A.CR.VINASTAR.00,B - LIGHTWEIGHT ML,Croston,6365.26,0.33,0.44,0.82,2123.0,2791.0,5234.0,10148.0
"38.L1.3060.ICC3600(D,V)",B - LIGHTWEIGHT ML,Naive,142.0,0.23,0.68,1.13,33.0,96.0,161.0,290.0
"38.L1.3060.ICC3601(D,V)",B - LIGHTWEIGHT ML,SES,1419.13,0.13,0.07,0.4,184.0,104.0,573.0,861.0
"38.L1.3060.ICC3602(D,V)",B - LIGHTWEIGHT ML,Naive,50.0,0.46,0.81,0.85,23.0,41.0,42.0,106.0
38.L1.3060.ICC3603(D),B - LIGHTWEIGHT ML,Naive,1035.0,1.39,0.55,0.44,1441.0,571.0,455.0,2467.0
38.L1.3060.ICC3604,B - LIGHTWEIGHT ML,Naive,413.0,1.53,0.59,0.49,632.0,243.0,201.0,1076.0
38.L1.3060.ICC3605(D),B - LIGHTWEIGHT ML,SES,1157.23,0.61,1.14,0.41,709.0,1314.0,470.0,2493.0
38.L1.3060.ICC3606,B - LIGHTWEIGHT ML,MA3,655.67,0.48,0.83,0.33,316.0,547.0,219.0,1082.0
38.L1.3060.ICC3607(D),B - LIGHTWEIGHT ML,SES,1155.03,0.16,0.86,0.35,190.0,994.0,409.0,1593.0
38.L1.3060.ICC3608,B - LIGHTWEIGHT ML,Naive,497.0,0.39,1.15,0.54,193.0,570.0,269.0,1032.0
"38.L1.3060.KAI3600(D,V)",B - LIGHTWEIGHT ML,Naive,7521.0,0.12,0.24,1.39,889.0,1813.0,10459.0,13161.0
"38.L1.3060.KAI3601(AD,AV,BD,BV)",B - LIGHTWEIGHT ML,Croston,9594.46,0.52,0.12,1.67,5018.0,1116.0,16055.0,22189.0
38.L1.3060.KAI3603(D),B - LIGHTWEIGHT ML,Croston,4765.17,0.08,0.29,1.37,389.0,1402.0,6513.0,8304.0
38.L1.3060.KAI3604,B - LIGHTWEIGHT ML,Naive,2796.0,0.21,0.59,0.62,586.0,1643.0,1743.0,3972.0
38.L1.3060.KAI3605(D),B - LIGHTWEIGHT ML,WMA,8399.9,0.15,0.17,1.16,1269.0,1448.0,9724.0,12441.0
38.L1.3060.KAI3606,B - LIGHTWEIGHT ML,WMA,3647.9,0.28,0.58,0.76,1022.0,2105.0,2770.0,5897.0
"38.L1.3060.UGC3600(AD,AV,BD,BV)",B - LIGHTWEIGHT ML,MA3,182.0,0.04,0.01,0.02,7.0,1.0,4.0,12.0
"38.L1.3060.UGC3602(AD,AV,BD,BV)",B - LIGHTWEIGHT ML,Naive,0.0,0.14,0.02,0.13,0.0,0.0,0.0,0.0
38.L1.5050.SVICC(501-509),B - LIGHTWEIGHT ML,SES,14163.27,0.49,0.57,0.56,6924.0,8016.0,7993.0,22933.0
38.L1.5050.SVKAI(501-507),B - LIGHTWEIGHT ML,Naive,30435.0,0.14,0.37,0.7,4164.0,11402.0,21378.0,36944.0
38.L1.5050.SVUSC(505-514),B - LIGHTWEIGHT ML,Naive,12559.0,0.3,1.16,1.5,3753.0,14614.0,18887.0,37254.0
"38.L2.3060.ICC3600(D,V)",D - COLD START,Croston,1408.0,1.0,1.0,1.0,1408.0,1408.0,1408.0,4224.0
"38.L2.3060.ICC3601(D,V)",D - COLD START,Croston,2252.0,1.0,1.0,1.0,2252.0,2252.0,2252.0,6756.0
"38.L2.3060.ICC3602(D,V)",D - COLD START,Croston,2292.0,1.0,1.0,1.0,2292.0,2292.0,2292.0,6876.0
38.L2.3060.ICC3603(D),D - COLD START,Croston,1256.0,1.0,1.0,1.0,1256.0,1256.0,1256.0,3768.0
38.L2.3060.ICC3604,D - COLD START,Croston,1256.0,1.0,1.0,1.0,1256.0,1256.0,1256.0,3768.0
38.L2.3060.ICC3605(D),D - COLD START,Croston,1000.0,1.0,1.0,1.0,1000.0,1000.0,1000.0,3000.0
38.L2.3060.ICC3606,D - COLD START,Croston,640.0,1.0,1.0,1.0,640.0,640.0,640.0,1920.0
38.L2.3060.ICC3607(D),D - COLD START,Croston,1096.0,1.0,1.0,1.0,1096.0,1096.0,1096.0,3288.0
38.L2.3060.ICC3608,D - COLD START,Croston,152.0,1.0,1.0,1.0,152.0,152.0,152.0,456.0
38.L2.3060.UGC3600(AV),D - COLD START,Croston,3048.0,1.0,1.0,1.0,3048.0,3048.0,3048.0,9144.0
38.L2.3060.UGC3602(AV),D - COLD START,Croston,3712.0,1.0,1.0,1.0,3712.0,3712.0,3712.0,11136.0
39.L1.3060.USGM36(01-20),B - LIGHTWEIGHT ML,Naive,39929.0,1.1,0.68,0.86,43973.0,27112.0,34466.0,105551.0
39.L1.4080.USG480(03-17),B - LIGHTWEIGHT ML,SES,11023.29,0.15,0.57,0.95,1688.0,6307.0,10469.0,18464.0
"39.L1.6060.UGG60(01,03,04,06,07,10)",B - LIGHTWEIGHT ML,Naive,18631.0,0.67,0.73,1.09,12501.0,13631.0,20249.0,46381.0
39.L1.6060.USGM600(1-8),B - LIGHTWEIGHT ML,Naive,29275.0,0.73,0.43,0.62,21486.0,12617.0,18109.0,52212.0
39.L2.3060.USGM360(1-3),D - COLD START,Croston,1152.0,1.0,1.0,1.0,1152.0,1152.0,1152.0,3456.0
"39.L2.3060.USGM361(3,9)",D - COLD START,Croston,660.0,1.0,1.0,1.0,660.0,660.0,660.0,1980.0
39.L2.4080.USG48012,D - COLD START,Croston,954.0,1.0,1.0,1.0,954.0,954.0,954.0,2862.0
"39.L3.6060.UGG60(01,03,04,06,07,10)",D - COLD START,Croston,4188.0,1.0,1.0,1.0,4188.0,4188.0,4188.0,12564.0
39.L3.6060.USGM6008,D - COLD START,Croston,53.0,1.0,1.0,1.0,53.0,53.0,53.0,159.0
"40.L1.3060.UGC3600(AD,AV,BD,BV)",B - LIGHTWEIGHT ML,Croston,65306.29,0.51,1.32,1.62,33497.0,86034.0,105671.0,225202.0
"40.L1.3060.UGC3602(AD,AV,BD,BV)",B - LIGHTWEIGHT ML,Croston,60995.35,0.63,0.9,1.88,38572.0,55007.0,114424.0,208003.0
"40.L1.3060.USC3601(D,V)",B - LIGHTWEIGHT ML,Naive,10352.0,0.45,0.45,0.78,4672.0,4675.0,8075.0,17422.0
"40.L1.3060.USC3602(D,V)",B - LIGHTWEIGHT ML,WMA,5579.7,0.31,1.01,0.56,1718.0,5625.0,3116.0,10459.0
"40.L1.3060.USC3603(D,V)",B - LIGHTWEIGHT ML,WMA,13561.8,0.42,0.54,0.8,5733.0,7390.0,10791.0,23914.0
"40.L1.3060.USC3604(D,V)",B - LIGHTWEIGHT ML,WMA,49.5,0.38,1.23,1.3,19.0,61.0,64.0,144.0
41.L1.3060.M310(1-8),B - LIGHTWEIGHT ML,Naive,11420.0,0.69,1.56,1.85,7930.0,17779.0,21158.0,46867.0
"41.L1.3060.M320(1,3,5,7)",B - LIGHTWEIGHT ML,WMA,367.8,1.0,1.98,1.86,369.0,729.0,686.0,1784.0
"41.L1.3060.S320(1,3,5,7)",B - LIGHTWEIGHT ML,Naive,636.0,0.8,2.05,0.94,507.0,1305.0,595.0,2407.0
41.L1.3060.U310(1-8),B - LIGHTWEIGHT ML,Croston,18708.5,0.66,1.57,1.04,12400.0,29381.0,19465.0,61246.0
41.L1.4080.M410(1-4),B - LIGHTWEIGHT ML,Croston,3993.67,0.41,0.41,0.79,1630.0,1653.0,3174.0,6457.0
"41.L1.4080.MT483001(D,V)",D - COLD START,Naive,951.0,1.0,1.0,1.0,951.0,951.0,951.0,2853.0
"41.L1.4080.MT483002(B,D,W)",D - COLD START,Naive,969.0,1.0,1.0,1.0,969.0,969.0,969.0,2907.0
41.L1.4080.S410(1-9),B - LIGHTWEIGHT ML,Naive,1297.0,0.14,0.06,1.59,188.0,78.0,2062.0,2328.0
41.L1.4080.U410(1-4),B - LIGHTWEIGHT ML,Naive,130.0,0.58,0.12,1.26,76.0,15.0,164.0,255.0
"41.L1.4080.UT483001(D,V)",D - COLD START,Naive,1073.0,1.0,1.0,1.0,1073.0,1073.0,1073.0,3219.0
"41.L1.4080.UT483002(B,W)",D - COLD START,Naive,349.0,1.0,1.0,1.0,349.0,349.0,349.0,1047.0
41.L1.5050.M510(2-5),B - LIGHTWEIGHT ML,WMA,33141.2,0.87,0.91,1.33,28721.0,30024.0,44240.0,102985.0
41.L1.5050.M515(1-5),B - LIGHTWEIGHT ML,Croston,18850.33,0.75,1.47,1.4,14230.0,27711.0,26310.0,68251.0
41.L1.5050.M519(0-3),B - LIGHTWEIGHT ML,MA3,41011.0,1.2,0.88,1.32,49129.0,36225.0,54148.0,139502.0
41.L1.5050.S510(1-4),B - LIGHTWEIGHT ML,WMA,23689.9,0.17,0.36,1.12,4136.0,8578.0,26574.0,39288.0
41.L1.5050.U510(1-4),B - LIGHTWEIGHT ML,MA3,26621.0,0.75,1.04,1.22,19970.0,27678.0,32571.0,80219.0
41.L1.5050.U515(1-5),B - LIGHTWEIGHT ML,Naive,7479.0,1.16,1.17,1.45,8709.0,8730.0,10837.0,28276.0
41.L1.6060.6106,D - COLD START,Croston,1732.0,1.0,1.0,1.0,1732.0,1732.0,1732.0,5196.0
41.L1.6060.620(1-3),D - COLD START,Croston,19054.0,1.0,1.59,0.41,19054.0,30268.0,7840.0,57162.0
"41.L1.6060.M610(1,2,3,5,6)",B - LIGHTWEIGHT ML,SES,10513.3,1.02,1.1,0.92,10756.0,11522.0,9721.0,31999.0
41.L1.6060.M615(1-7),B - LIGHTWEIGHT ML,Naive,8150.0,0.5,1.16,2.22,4082.0,9421.0,18113.0,31616.0
41.L1.6060.MT66300(1-5),D - COLD START,Naive,23370.0,1.0,1.0,1.0,23370.0,23370.0,23370.0,70110.0
41.L1.6060.S610(1-4),B - LIGHTWEIGHT ML,Croston,2390.89,0.04,0.22,1.67,104.0,533.0,3998.0,4635.0
41.L1.6060.S615(1-7),B - LIGHTWEIGHT ML,Croston,7378.07,0.27,0.06,3.14,2009.0,409.0,23139.0,25557.0
41.L1.6060.U610(1-5),B - LIGHTWEIGHT ML,Naive,3678.0,0.74,0.61,0.74,2727.0,2249.0,2726.0,7702.0
41.L1.6060.U615(1-8),B - LIGHTWEIGHT ML,Naive,4574.0,0.33,0.84,2.08,1530.0,3858.0,9530.0,14918.0
"41.L1.6060.UT66300(1,3,4)",D - COLD START,Naive,40.0,1.0,1.0,1.0,40.0,40.0,40.0,120.0
"41.L1.8080.MS88300(1,2,3,6)",D - COLD START,Naive,1163.0,1.0,1.0,1.0,1163.0,1163.0,1163.0,3489.0
41.L1.8080.MT88300(1-6),D - COLD START,Naive,4197.0,1.0,1.0,1.0,4197.0,4197.0,4197.0,12591.0
41.L1.8080.UT88300(1-6),D - COLD START,Naive,4368.0,1.0,1.0,1.0,4368.0,4368.0,4368.0,13104.0
41.L2.3060.R31(01-18),D - COLD START,Croston,18576.0,1.0,1.0,1.0,18576.0,18576.0,18576.0,55728.0
"41.L2.3060.R320(1,7)",D - COLD START,Croston,2480.0,1.0,1.0,1.0,2480.0,2480.0,2480.0,7440.0
41.L2.6060.M6154,D - COLD START,Croston,2312.0,1.0,1.0,1.0,2312.0,2312.0,2312.0,6936.0
43.HC.ALSN3.TRONG,B - LIGHTWEIGHT ML,Naive,0.0,0.12,0.6,1.12,0.0,0.0,0.0,0.0
43.HC.ALSN5.DEN/TRANG/XAM,B - LIGHTWEIGHT ML,MA3,49.67,0.39,0.29,1.48,19.0,15.0,74.0,108.0
47.L1.6060.AFP96666,D - COLD START,Naive,653.0,1.0,1.0,1.0,653.0,653.0,653.0,1959.0
