Phân khúc,Mã Sản Phẩm,Mô Hình Tối Ưu,Val_sMAPE (%),Val_RMSE,Dự báo T1/2026,Dự báo T2/2026,Dự báo T3/2026
A - ML Candidate,00.KCB.X.NS,ARIMA,23.7,92.78,393.0,396.0,398.0
A - ML Candidate,00.KCT.X.NS,LSTM,48.81,31.52,34.0,34.0,34.0
A - ML Candidate,00.KIM.01,Ensemble,19.74,8.6,36.0,36.0,36.0
C - Sparse,00.L1.8080.P87625N,Naive,0.0,0.0,0.0,0.0,0.0
A - ML Candidate,00.NEM.TS,Ensemble,46.38,45.96,91.0,91.0,91.0
C - Sparse,03.L1.3060.6841x,Naive,168.25,1162.07,0.0,0.0,0.0
A - ML Candidate,03.L1.6060.80xx,Prophet,133.33,21.98,0.0,0.0,0.0
C - Sparse,05.L1.3060.KAG36900_,Naive,29.47,1181.54,1800.0,1800.0,1800.0
C - Sparse,05.L1.3060.KAG36901_,MA3,15.66,765.11,3190.0,3190.0,3190.0
C - Sparse,05.L1.3060.KAG36902_,MA3,20.89,393.84,1395.0,1395.0,1395.0
C - Sparse,05.L1.3060.KAG36903,Naive,14.74,138.92,893.0,893.0,893.0
C - Sparse,05.L1.3060.KAG36904_,Naive,41.79,853.0,1888.0,1888.0,1888.0
C - Sparse,05.L1.3060.KAG36905,MA3,51.54,668.73,1079.0,1079.0,1079.0
C - Sparse,05.L1.3060.KAG36906_,MA6,43.68,822.21,2010.0,2010.0,2010.0
C - Sparse,05.L1.3060.KAG36907,MA3,33.04,208.83,659.0,659.0,659.0
C - Sparse,05.L1.3060.USG36000*,Naive,41.5,7717.64,15416.0,15416.0,15416.0
C - Sparse,05.L1.3060.USG36007_,Naive,200.0,1123.84,1136.0,1136.0,1136.0
C - Sparse,05.L1.3060.USG36008,Naive,200.0,1274.72,894.0,894.0,894.0
C - Sparse,05.L1.3060.USG36009_,Naive,200.0,1705.0,2616.0,2616.0,2616.0
C - Sparse,05.L1.3060.USG36010,Naive,200.0,1061.79,1741.0,1741.0,1741.0
C - Sparse,05.L1.6060.USG6600X,MA6,16.48,6236.22,44852.0,44852.0,44852.0
C - Sparse,05.L1.8080.USG8800X,MA3,22.99,3661.11,13867.0,13867.0,13867.0
A - ML Candidate,09.L1.1590.CA09GK1590X,XGBoost,117.89,236.16,49.0,49.0,49.0
A - ML Candidate,09.L1.1590.CA10GK1590X,ARIMA,99.61,651.28,567.0,567.0,567.0
A - ML Candidate,09.L1.3060.CA7GM360(2-3),Ensemble,115.31,153.23,49.0,49.0,49.0
A - ML Candidate,09.L1.6060.CA01GM660(1-2),Prophet,73.78,1391.91,0.0,0.0,0.0
A - ML Candidate,09.L1.6060.CA03GM660(1-2),Ensemble,95.99,221.15,144.0,144.0,144.0
A - ML Candidate,09.L1.6060.CA05GM6601,XGBoost,62.26,94.61,255.0,253.0,274.0
A - ML Candidate,09.L1.6060.CA08GM6602,XGBoost,184.63,315.73,12.0,115.0,12.0
A - ML Candidate,10.L1.3060.45XX,ARIMA,31.07,4858.31,7424.0,7424.0,7424.0
A - ML Candidate,10.L1.3060.46XX,ARIMA,150.16,24062.92,29586.0,32781.0,35176.0
A - ML Candidate,10.L1.3060.506X,SARIMA,84.01,298.67,0.0,0.0,0.0
A - ML Candidate,10.L1.3060.579x,XGBoost,88.12,252.87,2725.0,2761.0,2160.0
A - ML Candidate,10.L1.3060.782x,SARIMA,72.73,1023.88,0.0,768.0,892.0
A - ML Candidate,10.L1.3060.783x,Prophet,78.42,279.4,0.0,0.0,0.0
A - ML Candidate,10.L1.4080.99xx,LSTM,120.08,4669.57,4230.0,4256.0,4273.0
A - ML Candidate,10.L1.6060.516x,ARIMA,170.84,754.09,36.0,36.0,36.0
A - ML Candidate,10.L1.6060.5189,ARIMA,156.76,67.42,12.0,12.0,12.0
A - ML Candidate,10.L1.6060.519x,ARIMA,66.75,733.21,755.0,755.0,755.0
A - ML Candidate,10.L1.6060.561(3-8),Prophet,66.67,140.87,0.0,0.0,0.0
A - ML Candidate,10.L1.6060.615x-6x,LSTM,175.97,23186.71,29834.0,30908.0,31780.0
A - ML Candidate,10.L1.8080.587(4-9),LSTM,94.54,598.99,813.0,817.0,820.0
A - ML Candidate,"10.L1.8080.588(0,7,9)",XGBoost,88.62,990.26,2110.0,3152.0,2403.0
A - ML Candidate,10.L1.8080.589(1-9),XGBoost,141.31,2264.79,3079.0,925.0,1150.0
A - ML Candidate,10.L1.8080.9454/55,Prophet,200.0,340.69,0.0,0.0,34.0
C - Sparse,10.L2.3060.45(47-69),Naive,0.0,0.0,0.0,0.0,0.0
C - Sparse,10.L2.3060.4606,Naive,0.0,0.0,0.0,0.0,0.0
A - ML Candidate,12.L1.2040.240(1-5),ARIMA,121.29,460.28,113.0,113.0,113.0
A - ML Candidate,12.L1.2040.U24(21-35),Ensemble,55.23,3609.56,4719.0,4719.0,4719.0
A - ML Candidate,12.L1.2550.250(1-5),XGBoost,59.2,591.15,2397.0,1696.0,1935.0
A - ML Candidate,12.L1.2550.U25(18-40),XGBoost,37.47,536.18,1042.0,1029.0,1064.0
A - ML Candidate,"12.L1.3030.302(0,1,2,3,4,6)",CatBoost,151.36,1776.4,1055.0,1146.0,1861.0
A - ML Candidate,"14.L1.3030.333(16,18,20)",Ensemble,78.65,501.09,417.0,417.0,417.0
A - ML Candidate,"14.L1.3030.334(08,11,18)",Ensemble,62.23,289.22,430.0,430.0,430.0
C - Sparse,"14.L1.3060.3680(0/0V,1V)",Naive,0.0,0.0,0.0,0.0,0.0
C - Sparse,"14.L1.3060.368(10,22)",Naive,0.0,0.0,0.0,0.0,0.0
A - ML Candidate,14.L1.3060.A36320_,SARIMA,25.2,2006.87,11051.0,12363.0,12683.0
A - ML Candidate,14.L1.3060.A36420,ARIMA,40.04,870.26,2517.0,2517.0,2517.0
A - ML Candidate,"14.L1.3060.A36800(D,V)",XGBoost,69.89,1183.81,1763.0,800.0,1708.0
A - ML Candidate,14.L1.3060.A36810(D),Prophet,71.56,406.33,0.0,0.0,0.0
A - ML Candidate,14.L1.3060.A36822(D),XGBoost,3.72,339.76,4209.0,5818.0,7913.0
A - ML Candidate,"14.L1.3060.A369(10,22)",XGBoost,36.88,1681.06,3491.0,5288.0,3159.0
C - Sparse,14.L1.3060.A36AG403,Naive,0.0,0.0,0.0,0.0,0.0
A - ML Candidate,14.L1.3060.US36AG901(D),XGBoost,85.95,245.45,1134.0,719.0,331.0
A - ML Candidate,14.L1.3060.US36AW801,ARIMA,51.26,234.05,999.0,889.0,1033.0
A - ML Candidate,"14.L1.3060.US36CB(806,902/902D)",ARIMA,85.24,408.01,501.0,501.0,501.0
A - ML Candidate,"14.L1.3060.US36CG80(2,4)",CatBoost,70.46,391.32,2558.0,5853.0,2367.0
A - ML Candidate,14.L1.3060.US36CN906_,LSTM,127.53,233.24,228.0,228.0,228.0
A - ML Candidate,14.L1.3060.US36CW807,Ensemble,10.77,55.85,390.0,390.0,390.0
A - ML Candidate,14.L1.3060.US36LB907_,LSTM,24.27,72.98,283.0,283.0,283.0
A - ML Candidate,14.L1.3060.US36LG904(D),XGBoost,82.32,220.97,264.0,262.0,143.0
A - ML Candidate,"14.L1.4080.488(00,07,68)",XGBoost,117.51,559.86,51.0,887.0,663.0
A - ML Candidate,"14.L1.4080.4890(7/7D,8D)",Prophet,48.81,198.2,0.0,0.0,0.0
A - ML Candidate,"14.L1.60120.(61184061,61185064,61286012,61432051,M61LD902,M61ST301,US6861)",ARIMA,124.09,55.41,6.0,6.0,6.0
A - ML Candidate,"14.L1.6060.6618(1004,182031, 282018, 383026)",ARIMA,56.77,744.21,403.0,403.0,403.0
A - ML Candidate,14.L1.80120.M81__,ARIMA,93.25,115.22,70.0,70.0,70.0
A - ML Candidate,"14.L1.8080.88(181004, 282018, 283003, 284041,285052)",ARIMA,100.79,405.98,109.0,108.0,108.0
A - ML Candidate,"14.L1.8080.M88(AG905, DT904, LD902, LG902, MW909, 8OW903)",Ensemble,111.18,339.18,159.0,159.0,159.0
A - ML Candidate,"15.L1.3060.291(1,2,3)",Ensemble,117.26,691.05,237.0,237.0,237.0
A - ML Candidate,"15.L1.6060.660(1,2,4,5,6)",Ensemble,30.32,635.32,2331.0,2331.0,2331.0
C - Sparse,20.L1.100100.51107,Naive,0.0,0.0,0.0,0.0,0.0
C - Sparse,"20.L1.100100.911(10,11,12,13,20,21,22,23)",Naive,22.23,550.57,1374.0,1374.0,1374.0
A - ML Candidate,"20.L1.6060.1600(1,3,4)",XGBoost,34.98,323.12,967.0,472.0,794.0
A - ML Candidate,"20.L1.6060.161(05,14,17)",Ensemble,102.75,94.29,54.0,54.0,54.0
A - ML Candidate,20.L1.6060.16405,Ensemble,83.86,19.46,22.0,22.0,22.0
A - ML Candidate,"20.L1.6060.2600(4,6)",ARIMA,108.9,335.17,36.0,36.0,36.0
A - ML Candidate,"20.L1.6060.261(01,03,07,12,72)",ARIMA,74.44,573.56,405.0,405.0,405.0
A - ML Candidate,20.L1.6060.86301,SARIMA,63.35,447.33,699.0,279.0,411.0
C - Sparse,"20.L1.6060.A16(114,405)",MA6,13.61,257.61,2358.0,2358.0,2358.0
C - Sparse,"20.L1.6060.A26(006,107,112,172)",Croston,26.89,1456.37,4428.0,4428.0,4428.0
C - Sparse,20.L1.6060.A3600(3-6),Naive,7.19,311.27,4355.0,4355.0,4355.0
C - Sparse,20.L1.6060.A3690(2-4),MA3,38.97,605.0,1397.0,1397.0,1397.0
C - Sparse,20.L1.6060.A6610(1-6),MA6,22.68,3118.62,15312.0,15312.0,15312.0
C - Sparse,20.L1.6060.A86301,Naive,200.0,486.88,452.0,452.0,452.0
C - Sparse,20.L1.6060.A8960(1-7),Naive,34.28,5717.3,6174.0,6174.0,6174.0
C - Sparse,20.L1.6060.A8965(1-8),Naive,28.18,1976.23,4731.0,4731.0,4731.0
C - Sparse,"20.L1.6060.A9166(1,2)",Naive,8.77,1990.77,15095.0,15095.0,15095.0
A - ML Candidate,"20.L1.8080.181(17,25,26,27,28,29)",ARIMA,82.92,222.47,163.0,163.0,163.0
A - ML Candidate,20.L1.8080.28101/28107,Ensemble,29.07,193.01,442.0,442.0,442.0
C - Sparse,20.L1.8080.6810(1-6),Naive,15.81,1522.48,6399.0,6399.0,6399.0
C - Sparse,20.L1.8080.8980(1-7),Naive,21.94,3353.31,8144.0,8144.0,8144.0
C - Sparse,20.L1.8080.8985(1-8),Naive,13.71,1079.41,5920.0,5920.0,5920.0
A - ML Candidate,"21.C100.DG.(MPECO,MPSET).00",XGBoost,14.03,15894.29,282165.0,278619.0,98561.0
A - ML Candidate,"21.C100.DG.(UNIECO,UNISET).00",Prophet,17.73,44230.98,65692.0,636510.0,276292.0
A - ML Candidate,"21.C1T0.DG.(KBOND,KSET).00",Ensemble,39.03,2391.1,5608.0,5608.0,5608.0
C - Sparse,21.C2TE.DG.ADESP9.00/01,Naive,0.0,0.0,0.0,0.0,0.0
C - Sparse,21.CG2WA.CR.SF.00/111/112/113,Naive,66.67,57.74,0.0,0.0,0.0
C - Sparse,"21.CT.AQUAFLEXR77.W(18,4)",Naive,133.33,8.33,12.0,12.0,12.0
A - ML Candidate,"22.C100.DG.(TBOND,TPRO2,UCPRO,UC-PRO,UNICHEMI,UNILUXPRO,UNITILE).00",LightGBM,6.47,23091.09,306229.0,306229.0,306229.0
A - ML Candidate,22.C200.DG.TBOND.00,Ensemble,67.26,3883.97,5183.0,5183.0,5183.0
A - ML Candidate,22.CGIW.CR.JOINT.00,Ensemble,43.39,471.08,904.0,904.0,904.0
C - Sparse,25.L1.3060.FP936601(D),Croston,86.91,426.45,537.0,537.0,537.0
C - Sparse,"25.L1.3060.FP936602(D,V)",Croston,42.25,702.51,1456.0,1456.0,1456.0
C - Sparse,25.L1.3060.FP936604(D),MA3,27.37,1923.54,6094.0,6094.0,6094.0
C - Sparse,25.L1.3060.FP936605,MA6,36.02,1016.07,2871.0,2871.0,2871.0
C - Sparse,25.L1.3060.FP936606(D),Naive,28.68,1633.78,4499.0,4499.0,4499.0
C - Sparse,25.L1.3060.FP936607,Naive,25.07,468.23,1746.0,1746.0,1746.0
C - Sparse,"25.L1.3060.FP936608(D,V)",Naive,63.11,1555.79,2984.0,2984.0,2984.0
C - Sparse,"25.L1.3060.FP936609(D,V)",Naive,25.87,977.84,2718.0,2718.0,2718.0
C - Sparse,25.L1.3060.FP936610(D),Naive,21.59,429.0,1261.0,1261.0,1261.0
C - Sparse,25.L1.3060.FP936611,MA3,10.96,62.64,483.0,483.0,483.0
C - Sparse,25.L1.3060.FP936612(D),Naive,33.45,3262.37,3419.0,3419.0,3419.0
C - Sparse,25.L1.3060.FP936613,Naive,20.21,521.91,2329.0,2329.0,2329.0
C - Sparse,"25.L1.4080.FP948601(D,V)",Naive,77.0,1854.3,195.0,195.0,195.0
C - Sparse,"25.L1.4080.FP948602(D,V)",Naive,37.36,1336.32,4630.0,4630.0,4630.0
C - Sparse,"25.L1.4080.FP948603(D,V)",MA3,25.62,1129.56,3772.0,3772.0,3772.0
C - Sparse,"25.L1.4080.FP948604(D,V)",Naive,114.52,3073.78,5529.0,5529.0,5529.0
C - Sparse,"25.L1.6060.FP9660(0,1,4,6,7,8)",Naive,16.61,607.6,2903.0,2903.0,2903.0
C - Sparse,"25.L1.6060.FP96660(2,5)",MA6,64.26,2646.88,3714.0,3714.0,3714.0
C - Sparse,25.L1.6060.FP96666,MA3,60.97,533.52,1045.0,1045.0,1045.0
C - Sparse,25.L1.6060.FPH966001,Naive,48.78,507.13,491.0,491.0,491.0
C - Sparse,"25.L1.6060.FPU60(06,07,10,14,16,17,18)",Naive,42.8,567.15,744.0,744.0,744.0
C - Sparse,"25.L1.6060.FPU9660(01,02,03,05,09,13)",Naive,38.05,4350.97,3158.0,3158.0,3158.0
C - Sparse,"25.L1.8080.FP1860(0,1,4,6,7,8)",MA3,34.76,902.53,2340.0,2340.0,2340.0
C - Sparse,"25.L1.8080.FPU1880(03,05,11,13,17,33,35)",Naive,40.1,1764.84,2463.0,2463.0,2463.0
C - Sparse,"27.L1.6060.(DIC6617, DIC6644, SV6004)",Naive,133.33,1218.95,0.0,0.0,0.0
A - ML Candidate,29.L1.1580.FP1580(1-8),ARIMA,54.68,572.4,290.0,290.0,290.0
A - ML Candidate,"29.L1.3030.F3(05,08,15,17)",XGBoost,158.58,2126.4,1235.0,757.0,3292.0
A - ML Candidate,29.L1.3030.FK30(1-5),ARIMA,64.43,448.32,938.0,935.0,936.0
A - ML Candidate,29.L1.3060.FC3604(D),ARIMA,88.56,732.4,1072.0,1072.0,1072.0
A - ML Candidate,29.L1.3060.FC3605,SARIMA,72.45,330.7,841.0,841.0,841.0
A - ML Candidate,"29.L1.3060.FC3606(D,V)",XGBoost,115.0,486.92,957.0,652.0,843.0
A - ML Candidate,29.L1.3060.FC3618(D),Ensemble,43.87,282.38,644.0,644.0,644.0
A - ML Candidate,29.L1.3060.FC3619(T),XGBoost,87.67,618.4,412.0,171.0,448.0
A - ML Candidate,"29.L1.3060.FC3622(D,V)",LSTM,51.76,1721.5,3289.0,3289.0,3290.0
A - ML Candidate,"29.L1.3060.FC3623(D,V)",XGBoost,55.31,3639.0,1693.0,5363.0,1915.0
C - Sparse,29.L1.3060.FC39002(D),MA3,30.66,3899.95,9576.0,9576.0,9576.0
C - Sparse,29.L1.3060.FC39003,MA3,24.91,2253.05,6329.0,6329.0,6329.0
C - Sparse,29.L1.3060.FC39004(D),Naive,33.23,6159.22,9791.0,9791.0,9791.0
C - Sparse,29.L1.3060.FC39005,MA3,26.14,2082.07,7465.0,7465.0,7465.0
C - Sparse,"29.L1.3060.FC39006,29.L1.3060.FC39007",MA6,44.17,2801.69,5656.0,5656.0,5656.0
C - Sparse,29.L1.3060.FC39008(D),MA3,19.33,517.61,2151.0,2151.0,2151.0
C - Sparse,29.L1.3060.FC39009,MA3,33.89,887.95,2101.0,2101.0,2101.0
C - Sparse,29.L1.3060.FC39010(D),MA3,41.07,1679.01,4329.0,4329.0,4329.0
C - Sparse,29.L1.3060.FC39011,MA3,19.78,843.22,3683.0,3683.0,3683.0
C - Sparse,29.L1.3060.FC39012(D),Croston,69.06,2484.03,1780.0,1780.0,1780.0
C - Sparse,29.L1.3060.FC39013,Croston,39.14,324.57,696.0,696.0,696.0
A - ML Candidate,29.L1.3060.FP3618(D),ARIMA,31.42,186.82,521.0,521.0,521.0
A - ML Candidate,29.L1.3060.FP3619,Ensemble,13.27,57.44,408.0,408.0,408.0
A - ML Candidate,"29.L1.3060.FPH3621(D,V)",Ensemble,127.28,612.3,242.0,242.0,242.0
C - Sparse,29.L1.3060.FUSC3635(D),Naive,9.45,270.25,2275.0,2275.0,2275.0
C - Sparse,29.L1.3060.FUSC3636,MA3,34.87,668.18,1619.0,1619.0,1619.0
C - Sparse,"29.L1.3060.FUSC3641(D,V)",Naive,45.8,7218.44,7317.0,7317.0,7317.0
C - Sparse,"29.L1.3060.FUSC3642(D,V)",Croston,36.82,4778.91,7683.0,7683.0,7683.0
C - Sparse,"29.L1.3060.FUSC3643(D,V)",Naive,22.06,5151.28,12234.0,12234.0,12234.0
C - Sparse,"29.L1.3060.FUSC3644(D,V)",Naive,19.66,3774.98,10149.0,10149.0,10149.0
C - Sparse,29.L1.3060.FUSM3645(D),MA3,22.36,2071.55,8108.0,8108.0,8108.0
C - Sparse,29.L1.3060.FUSM3646,Naive,18.29,1082.12,4555.0,4555.0,4555.0
C - Sparse,29.L1.3060.FUSM3647(D),MA3,23.86,1495.47,5079.0,5079.0,5079.0
C - Sparse,29.L1.3060.FUSM3648,MA6,26.37,1369.25,5584.0,5584.0,5584.0
C - Sparse,29.L1.3060.FUSM3649(D),MA3,34.58,2163.98,6587.0,6587.0,6587.0
C - Sparse,29.L1.3060.FUSM3650,MA3,9.86,760.23,6396.0,6396.0,6396.0
C - Sparse,29.L1.3060.FUSM3651(D),Naive,66.04,1764.21,2088.0,2088.0,2088.0
C - Sparse,29.L1.3060.FUSM3652,MA3,36.06,1109.78,3080.0,3080.0,3080.0
A - ML Candidate,"29.L1.4080.FC4802(D,V)",LSTM,50.94,1400.17,2323.0,2323.0,2328.0
A - ML Candidate,"29.L1.4080.FC4803(D,V)",XGBoost,158.29,930.46,1132.0,1238.0,462.0
A - ML Candidate,"29.L1.4080.FC4805(D,V)",CatBoost,28.79,1004.85,921.0,808.0,878.0
A - ML Candidate,29.L1.6060.FP(6602-6605),CatBoost,132.78,659.76,8868.0,5639.0,8303.0
A - ML Candidate,"29.L1.6060.FPH(6001,966001)",LSTM,167.41,1202.76,721.0,723.0,724.0
A - ML Candidate,31.L1.LEO-100100-0xx,Ensemble,13.82,201.2,1157.0,1157.0,1157.0
A - ML Candidate,"32.L1.ACC-(080160-00x,120120-00x)",Prophet,65.86,1064.79,545.0,479.0,462.0
A - ML Candidate,"33.L1.ICO-020120-1300(1,3,4)",Prophet,48.59,1887.03,1990.0,2414.0,2679.0
A - ML Candidate,33.L1.ICO-060120-00x,ARIMA,72.08,66.15,45.0,41.0,37.0
A - ML Candidate,33.L1.ICO-080160-00(1-5),LSTM,156.61,193.72,315.0,317.0,319.0
A - ML Candidate,34.L1.ITA-060120-00x,XGBoost,50.5,59.73,58.0,4.0,6.0
C - Sparse,36.L1.8080.IP800(1-7),MA3,139.73,21.94,7.0,7.0,7.0
C - Sparse,36.L2.3060.USC3601,Naive,0.0,0.0,0.0,0.0,0.0
C - Sparse,36.L2.3060.USC3602,Naive,0.0,0.0,0.0,0.0,0.0
C - Sparse,36.L2.3060.USC3603(V),Naive,0.0,0.0,0.0,0.0,0.0
C - Sparse,36.L2.3060.USC3604(D),Naive,0.0,0.0,0.0,0.0,0.0
C - Sparse,36.L2.3060.USC36(21-29),Naive,0.0,0.0,0.0,0.0,0.0
C - Sparse,"36.L2.3060.USC36(31,33,37,38,39)",Naive,0.0,0.0,0.0,0.0,0.0
C - Sparse,36.L2.6060.N6002,Naive,0.0,0.0,0.0,0.0,0.0
C - Sparse,"36.L3.3060.USC3601,36.L3.3060.USC3602",Naive,0.0,0.0,0.0,0.0,0.0
C - Sparse,"36.L3.3060.USC3603(D,V)",Naive,0.0,0.0,0.0,0.0,0.0
C - Sparse,36.L3.3060.USC3604(D),Naive,0.0,0.0,0.0,0.0,0.0
C - Sparse,36.L3.3060.USC36(21-29),Naive,0.0,0.0,0.0,0.0,0.0
C - Sparse,36.L3.3060.USC363x,Naive,0.0,0.0,0.0,0.0,0.0
C - Sparse,38.L1.3060.KAI3607(D),MA3,39.83,1656.17,3119.0,3119.0,3119.0
C - Sparse,38.L1.3060.KAI3608,MA6,47.11,2213.59,2440.0,2440.0,2440.0
C - Sparse,"38.L1.4080.UT481001(D,T,V)",Naive,89.31,2844.51,3305.0,3305.0,3305.0
C - Sparse,"38.L1.4080.UT481002(D,V)",Naive,33.95,175.48,233.0,233.0,233.0
C - Sparse,"38.L1.4080.UT481003(D,V)",MA3,92.87,157.41,167.0,167.0,167.0
C - Sparse,"38.L1.4080.UT481004(D,T,V)",Naive,89.45,5004.96,7182.0,7182.0,7182.0
C - Sparse,"38.L1.4080.UT481005(D,V)",Naive,173.52,624.81,516.0,516.0,516.0
C - Sparse,"38.L1.4080.UT481006(D,V)",Naive,72.36,436.29,239.0,239.0,239.0
C - Sparse,"39.L2.6060.UGG60(01,03,04,06,07,10)",Naive,0.0,0.0,0.0,0.0,0.0
C - Sparse,41.L1.3060.M330(1-8),Naive,200.0,47875.45,44876.0,44876.0,44876.0
C - Sparse,"41.L1.3060.M340(1,3,5,7)",Naive,200.0,2846.39,1395.0,1395.0,1395.0
C - Sparse,"41.L1.3060.MS36100(1T,2D,3V)",MA3,40.65,1023.16,2775.0,2775.0,2775.0
C - Sparse,"41.L1.3060.MT36100(1T,2D,3V)",Naive,65.72,9109.79,4285.0,4285.0,4285.0
C - Sparse,41.L1.3060.S310(1-8),MA3,16.14,1281.5,7482.0,7482.0,7482.0
C - Sparse,41.L1.3060.U330(1-8),Naive,200.0,52445.1,67804.0,67804.0,67804.0
C - Sparse,"41.L1.3060.U340(1,3,5,7)",Naive,200.0,3108.67,4395.0,4395.0,4395.0
C - Sparse,"41.L1.3060.UT36100(1T,2D,3V)",Naive,48.47,6013.13,3865.0,3865.0,3865.0
C - Sparse,41.L1.4060.MS46200(1-4),Naive,71.85,2257.55,4599.0,4599.0,4599.0
C - Sparse,41.L1.4060.MT46200(1-4),Naive,97.33,7209.55,8669.0,8669.0,8669.0
C - Sparse,"41.L1.4080.M420(1,3)",Croston,130.95,160.37,179.0,179.0,179.0
C - Sparse,"41.L1.4080.S420(1,4,6,8)",Croston,21.02,31.21,93.0,93.0,93.0
C - Sparse,"41.L1.4080.U420(1,3)",MA6,139.18,141.17,149.0,149.0,149.0
C - Sparse,41.L1.5050.9150(1-8),MA3,30.19,13966.65,49471.0,49471.0,49471.0
C - Sparse,41.L1.5050.MS55200(1-3),Naive,200.0,7210.76,4170.0,4170.0,4170.0
C - Sparse,41.L1.5050.S515(1-5),MA3,26.66,734.62,2075.0,2075.0,2075.0
C - Sparse,41.L1.5050.UT55200(1-4),Naive,200.0,15935.81,20628.0,20628.0,20628.0
C - Sparse,41.L1.6060.AM615(1-7),Naive,30.8,8819.65,15708.0,15708.0,15708.0
C - Sparse,"41.L1.6060.AS615(2,4)",MA3,52.74,3744.44,3786.0,3786.0,3786.0
C - Sparse,41.L1.6060.AU615(1-8),MA3,8.18,1882.1,20244.0,20244.0,20244.0
C - Sparse,41.L1.6060.MS66300(1-5),Naive,200.0,19526.33,22121.0,22121.0,22121.0
C - Sparse,"41.L2.3060.D311(4,6)",Naive,0.0,0.0,0.0,0.0,0.0
C - Sparse,"41.L2.3060.D32(09,14)",Naive,0.0,0.0,0.0,0.0,0.0
C - Sparse,42.HC.A300FUS.TRANG/TRONG,Naive,0.0,0.0,0.0,0.0,0.0
C - Sparse,42.HC.A500FUS.TRANG/TRONG,Naive,0.0,0.0,0.0,0.0,0.0
C - Sparse,44.HC.A500UC.TRONG,MA3,83.0,52.03,63.0,63.0,63.0
C - Sparse,45.PK.LUX.HG.606,Croston,70.42,7.95,2.0,2.0,2.0
C - Sparse,"45.PK.LUX.MA.(07,304.05)",MA3,117.69,14.98,18.0,18.0,18.0
C - Sparse,45.PK.LUX.TS.120.120.54/62,MA3,75.79,7.99,10.0,10.0,10.0
C - Sparse,45.PK.LUX.VK.505,MA3,146.67,5.77,3.0,3.0,3.0
C - Sparse,45.PK.LUX.XP.304,Naive,66.67,0.58,0.0,0.0,0.0
C - Sparse,45.TB.LUX.CRC.82.45.2.K,Naive,136.51,3.0,0.0,0.0,0.0
C - Sparse,"46.L1.4080.USC4804(D,V)",Croston,108.66,2063.92,2411.0,2411.0,2411.0
C - Sparse,"46.L1.4080.USC4806(D,V)",Croston,104.61,1863.03,2212.0,2212.0,2212.0
C - Sparse,"46.L1.4080.USC4808(D,V)",Naive,61.39,1145.64,277.0,277.0,277.0
C - Sparse,"46.L1.4080.USC4809(D,V)",Croston,84.96,1021.1,1428.0,1428.0,1428.0
C - Sparse,"47.L1.3060.FP936601(D,V)",MA6,25.09,678.89,3734.0,3734.0,3734.0
C - Sparse,47.L1.3060.FP936604(D),Croston,130.76,1777.96,1390.0,1390.0,1390.0
C - Sparse,47.L1.3060.FP936605,Croston,59.52,485.63,660.0,660.0,660.0
C - Sparse,47.L1.3060.FP936606(D),MA6,70.25,2147.12,5222.0,5222.0,5222.0
C - Sparse,47.L1.3060.FP936607,MA6,76.69,1025.88,2060.0,2060.0,2060.0
C - Sparse,"47.L1.3060.FP936608(D,V)",Croston,130.94,867.58,681.0,681.0,681.0
C - Sparse,47.L1.3060.FP936610(D),Naive,17.76,195.86,1169.0,1169.0,1169.0
C - Sparse,"47.L1.3060.FP9366(11,12/12D)",Croston,45.71,1426.4,2014.0,2014.0,2014.0
C - Sparse,47.L1.3060.FP936613,Croston,140.66,583.94,638.0,638.0,638.0
C - Sparse,"47.L1.4080.FP948601(D,V)",Croston,88.13,728.28,755.0,755.0,755.0
C - Sparse,"47.L1.4080.FP948602(D,V)",Naive,106.18,690.84,40.0,40.0,40.0
C - Sparse,"47.L1.4080.FP948603(D,V)",Croston,105.49,501.71,407.0,407.0,407.0
C - Sparse,"47.L1.4080.FP948604(D,V)",Croston,40.55,1045.25,630.0,630.0,630.0
C - Sparse,"47.L1.6060.AFP9660(0,4,7)",Naive,190.48,1025.24,886.0,886.0,886.0
C - Sparse,"47.L1.6060.AFP96660(2,5)",Naive,200.0,452.11,35.0,35.0,35.0
C - Sparse,"47.L1.6060.AFPH96600(1,9)",Naive,82.68,313.47,112.0,112.0,112.0
C - Sparse,47.L1.6060.FP96600,Croston,22.49,91.85,292.0,292.0,292.0
C - Sparse,47.L1.6060.FP966605,Croston,133.88,138.62,160.0,160.0,160.0
C - Sparse,47.L1.6060.FPU6666,Croston,62.48,234.46,346.0,346.0,346.0
C - Sparse,"47.L1.6060.FPU96600(2,3,9)",MA6,43.67,1572.7,3947.0,3947.0,3947.0
C - Sparse,47.L1.6060.MECO633,Naive,200.0,244.37,149.0,149.0,149.0
C - Sparse,"47.L1.8080.FP186(00,66)",Naive,77.52,1065.95,2314.0,2314.0,2314.0
C - Sparse,"47.L1.8080.FPU1880(05,11,13,33,35)', '47.L1.8080.FPU188011', '47.L1.8080.FPU188013', '47.L1.8080.FPU188033', '47.L1.8080.FPU188035']",Naive,37.9,410.35,448.0,448.0,448.0
C - Sparse,"47.L1.8080.FPU80(03,17)",MA6,26.75,633.67,2074.0,2074.0,2074.0
C - Sparse,47.L2.8080.CTN8002DB,Croston,90.81,22.05,22.0,22.0,22.0
C - Sparse,29.L1.3060.FC39006D,Croston,46.92,357.02,331.0,331.0,331.0
C - Sparse,29.L1.3060.FC39007,MA6,32.67,1792.06,4092.0,4092.0,4092.0
C - Sparse,36.L3.3060.USC3602,Naive,0.0,0.0,0.0,0.0,0.0
C - Sparse,41.L1.6060.AU6155,MA3,54.04,1068.04,1699.0,1699.0,1699.0
