Mã Sản Phẩm,Phân khúc,Trọng số tháng 1,Trọng số tháng 2,Trọng số tháng 3
00.KCB.X.NS,A - ML Candidate,0.5191,0.2825,0.7952
00.KCT.X.NS,A - ML Candidate,0.3924,0.5204,1.2411
00.KIM.01,A - ML Candidate,0.2986,0.2364,0.7279
00.L1.8080.P87625N,C - Sparse,0.0,0.0,0.0
00.NEM.TS,A - ML Candidate,0.4754,0.2435,0.8372
03.L1.3060.6841x,C - Sparse,0.0,0.0,5.1257
03.L1.6060.80xx,A - ML Candidate,1.2097,0.8752,1.5251
05.L1.3060.KAG36900_,C - Sparse,0.0,0.0,0.0
05.L1.3060.KAG36901_,C - Sparse,0.0,0.0,0.0
05.L1.3060.KAG36902_,C - Sparse,0.0,0.0,0.0
05.L1.3060.KAG36903,C - Sparse,0.0,0.0,0.0
05.L1.3060.KAG36904_,C - Sparse,0.0,0.0,0.0
05.L1.3060.KAG36905,C - Sparse,0.0,0.0,0.0
05.L1.3060.KAG36906_,C - Sparse,0.0,0.0,0.0
05.L1.3060.KAG36907,C - Sparse,0.0,0.0,0.0
05.L1.3060.USG36000*,C - Sparse,0.0,0.0,0.0
05.L1.3060.USG36007_,C - Sparse,0.0,0.0,0.0
05.L1.3060.USG36008,C - Sparse,0.0,0.0,0.0
05.L1.3060.USG36009_,C - Sparse,0.0,0.0,0.0
05.L1.3060.USG36010,C - Sparse,0.0,0.0,0.0
05.L1.6060.USG6600X,C - Sparse,0.0014,0.2687,1.1026
05.L1.8080.USG8800X,C - Sparse,0.0,0.0,0.4814
09.L1.1590.CA09GK1590X,A - ML Candidate,0.7337,0.637,0.888
09.L1.1590.CA10GK1590X,A - ML Candidate,0.7905,0.6209,2.7508
09.L1.3060.CA7GM360(2-3),A - ML Candidate,0.563,0.3255,1.2777
09.L1.6060.CA01GM660(1-2),A - ML Candidate,0.2348,0.4181,0.6433
09.L1.6060.CA03GM660(1-2),A - ML Candidate,0.7246,1.224,0.8854
09.L1.6060.CA05GM6601,A - ML Candidate,0.7805,0.6648,2.2013
09.L1.6060.CA08GM6602,A - ML Candidate,0.261,0.4497,0.9763
10.L1.3060.45XX,A - ML Candidate,0.4958,0.2157,0.7621
10.L1.3060.46XX,A - ML Candidate,0.344,0.4148,1.715
10.L1.3060.506X,A - ML Candidate,1.4847,0.9451,1.0223
10.L1.3060.579x,A - ML Candidate,0.7194,0.4852,1.5975
10.L1.3060.782x,A - ML Candidate,0.403,1.0093,1.9633
10.L1.3060.783x,A - ML Candidate,0.3271,1.064,1.5057
10.L1.4080.99xx,A - ML Candidate,0.6332,0.2999,0.6591
10.L1.6060.516x,A - ML Candidate,0.7835,0.8759,1.3078
10.L1.6060.5189,A - ML Candidate,0.5125,0.9186,1.6126
10.L1.6060.519x,A - ML Candidate,0.6193,1.1505,1.5182
10.L1.6060.561(3-8),A - ML Candidate,0.9031,1.2237,0.8885
10.L1.6060.615x-6x,A - ML Candidate,0.8125,0.4148,0.6938
10.L1.8080.587(4-9),A - ML Candidate,0.7589,0.3512,0.6988
"10.L1.8080.588(0,7,9)",A - ML Candidate,0.3059,0.6288,1.0386
10.L1.8080.589(1-9),A - ML Candidate,0.5433,0.3369,0.7326
10.L1.8080.9454/55,A - ML Candidate,0.8245,0.3929,1.396
10.L2.3060.45(47-69),C - Sparse,0.0,0.0,1.7883
10.L2.3060.4606,C - Sparse,1.1967,0.0,0.5585
12.L1.2040.240(1-5),A - ML Candidate,0.9449,1.0008,1.2307
12.L1.2040.U24(21-35),A - ML Candidate,0.4458,0.9008,0.9981
12.L1.2550.250(1-5),A - ML Candidate,0.9902,1.0566,1.2006
12.L1.2550.U25(18-40),A - ML Candidate,0.3882,1.4002,1.2082
"12.L1.3030.302(0,1,2,3,4,6)",A - ML Candidate,0.7486,1.3068,1.3626
"14.L1.3030.333(16,18,20)",A - ML Candidate,0.617,0.4858,1.0955
"14.L1.3030.334(08,11,18)",A - ML Candidate,0.5004,0.536,1.4942
"14.L1.3060.3680(0/0V,1V)",C - Sparse,2.6597,0.0,0.3153
"14.L1.3060.368(10,22)",C - Sparse,2.1049,0.0,0.2716
14.L1.3060.A36320_,A - ML Candidate,0.8437,0.5887,0.7264
14.L1.3060.A36420,A - ML Candidate,0.5765,0.6815,0.7861
"14.L1.3060.A36800(D,V)",A - ML Candidate,0.5612,0.466,1.497
14.L1.3060.A36810(D),A - ML Candidate,0.5232,0.5229,1.0482
14.L1.3060.A36822(D),A - ML Candidate,0.5376,0.5277,0.8449
"14.L1.3060.A369(10,22)",A - ML Candidate,0.55,0.7096,0.9506
14.L1.3060.A36AG403,C - Sparse,0.0,0.0,0.0
14.L1.3060.US36AG901(D),A - ML Candidate,0.1438,0.5288,1.3689
14.L1.3060.US36AW801,A - ML Candidate,0.5363,0.1417,1.0639
"14.L1.3060.US36CB(806,902/902D)",A - ML Candidate,1.828,0.2741,0.5692
"14.L1.3060.US36CG80(2,4)",A - ML Candidate,1.9424,0.2541,0.3661
14.L1.3060.US36CN906_,A - ML Candidate,0.6048,0.2775,0.6534
14.L1.3060.US36CW807,A - ML Candidate,0.4002,0.2766,1.2016
14.L1.3060.US36LB907_,A - ML Candidate,0.2531,0.4898,1.8908
14.L1.3060.US36LG904(D),A - ML Candidate,3.658,0.6328,0.5513
"14.L1.4080.488(00,07,68)",A - ML Candidate,0.7204,0.4394,1.0981
"14.L1.4080.4890(7/7D,8D)",A - ML Candidate,0.7748,0.361,0.7415
"14.L1.60120.(61184061,61185064,61286012,61432051,M61LD902,M61ST301,US6861)",A - ML Candidate,0.9086,0.6242,0.9195
"14.L1.6060.6618(1004,182031, 282018, 383026)",A - ML Candidate,0.9717,0.6408,1.184
14.L1.80120.M81__,A - ML Candidate,1.1368,0.3343,0.6506
"14.L1.8080.88(181004, 282018, 283003, 284041,285052)",A - ML Candidate,0.729,0.479,0.9072
"14.L1.8080.M88(AG905, DT904, LD902, LG902, MW909, 8OW903)",A - ML Candidate,0.6807,0.402,1.0825
"15.L1.3060.291(1,2,3)",A - ML Candidate,0.9104,0.8055,1.9906
"15.L1.6060.660(1,2,4,5,6)",A - ML Candidate,0.6214,0.9026,1.4732
20.L1.100100.51107,C - Sparse,1.5714,4.7143,4.7143
"20.L1.100100.911(10,11,12,13,20,21,22,23)",C - Sparse,0.0,0.0,1.2123
"20.L1.6060.1600(1,3,4)",A - ML Candidate,0.7209,0.3033,2.0213
"20.L1.6060.161(05,14,17)",A - ML Candidate,0.6857,0.62,1.872
20.L1.6060.16405,A - ML Candidate,0.8689,0.7613,1.147
"20.L1.6060.2600(4,6)",A - ML Candidate,0.801,0.3893,1.8701
"20.L1.6060.261(01,03,07,12,72)",A - ML Candidate,0.6534,0.4309,1.5771
20.L1.6060.86301,A - ML Candidate,1.0423,0.3671,1.1457
"20.L1.6060.A16(114,405)",C - Sparse,0.4474,0.2638,0.9539
"20.L1.6060.A26(006,107,112,172)",C - Sparse,0.9047,0.3351,1.4255
20.L1.6060.A3600(3-6),C - Sparse,0.4933,0.7617,0.9827
20.L1.6060.A3690(2-4),C - Sparse,1.0929,0.5818,2.454
20.L1.6060.A6610(1-6),C - Sparse,0.0207,0.3256,1.6606
20.L1.6060.A86301,C - Sparse,0.0,0.0,0.0
20.L1.6060.A8960(1-7),C - Sparse,0.0,0.0,0.1575
20.L1.6060.A8965(1-8),C - Sparse,0.0,0.0,0.0
"20.L1.6060.A9166(1,2)",C - Sparse,0.2872,0.5101,1.2103
"20.L1.8080.181(17,25,26,27,28,29)",A - ML Candidate,1.2344,0.4262,0.7601
20.L1.8080.28101/28107,A - ML Candidate,0.5181,0.5225,0.5834
20.L1.8080.6810(1-6),C - Sparse,0.01,0.211,0.733
20.L1.8080.8980(1-7),C - Sparse,0.0,0.0,0.4508
20.L1.8080.8985(1-8),C - Sparse,0.0,0.0,0.0003
"21.C100.DG.(MPECO,MPSET).00",A - ML Candidate,0.2501,4.9781,0.9916
"21.C100.DG.(UNIECO,UNISET).00",A - ML Candidate,0.2825,2.7362,1.037
"21.C1T0.DG.(KBOND,KSET).00",A - ML Candidate,0.2888,2.2655,1.1716
21.C2TE.DG.ADESP9.00/01,C - Sparse,0.0,0.0,7.1176
21.CG2WA.CR.SF.00/111/112/113,C - Sparse,0.0,1.6815,0.8408
"21.CT.AQUAFLEXR77.W(18,4)",C - Sparse,0.0,0.0,0.0
"22.C100.DG.(TBOND,TPRO2,UCPRO,UC-PRO,UNICHEMI,UNILUXPRO,UNITILE).00",A - ML Candidate,0.2903,2.7996,1.144
22.C200.DG.TBOND.00,A - ML Candidate,0.5037,1.3423,1.345
22.CGIW.CR.JOINT.00,A - ML Candidate,0.2535,1.5599,1.3754
25.L1.3060.FP936601(D),C - Sparse,0.0,0.0,0.7083
"25.L1.3060.FP936602(D,V)",C - Sparse,0.0,0.0,0.7451
25.L1.3060.FP936604(D),C - Sparse,0.0209,0.4211,2.2222
25.L1.3060.FP936605,C - Sparse,0.0,0.891,1.0156
25.L1.3060.FP936606(D),C - Sparse,0.0,0.0,1.8961
25.L1.3060.FP936607,C - Sparse,0.0,0.0,0.3629
"25.L1.3060.FP936608(D,V)",C - Sparse,0.0,0.0,1.0503
"25.L1.3060.FP936609(D,V)",C - Sparse,0.0,0.0,0.0
25.L1.3060.FP936610(D),C - Sparse,0.0,0.0,0.0
25.L1.3060.FP936611,C - Sparse,0.0,0.0,2.4723
25.L1.3060.FP936612(D),C - Sparse,0.0,0.5342,2.4189
25.L1.3060.FP936613,C - Sparse,0.0,0.0,0.0
"25.L1.4080.FP948601(D,V)",C - Sparse,0.0,0.0,0.2739
"25.L1.4080.FP948602(D,V)",C - Sparse,0.0,0.0,0.0054
"25.L1.4080.FP948603(D,V)",C - Sparse,0.0,0.0178,0.0127
"25.L1.4080.FP948604(D,V)",C - Sparse,0.503,0.5274,0.284
"25.L1.6060.FP9660(0,1,4,6,7,8)",C - Sparse,0.0,0.0898,1.7082
"25.L1.6060.FP96660(2,5)",C - Sparse,0.0,0.4172,1.8301
25.L1.6060.FP96666,C - Sparse,0.0,1.0514,0.4421
25.L1.6060.FPH966001,C - Sparse,0.0,1.572,0.8084
"25.L1.6060.FPU60(06,07,10,14,16,17,18)",C - Sparse,0.0,0.0,0.0
"25.L1.6060.FPU9660(01,02,03,05,09,13)",C - Sparse,0.1467,0.3373,1.1809
"25.L1.8080.FP1860(0,1,4,6,7,8)",C - Sparse,0.2709,0.381,1.2966
"25.L1.8080.FPU1880(03,05,11,13,17,33,35)",C - Sparse,0.0754,0.0629,0.989
"27.L1.6060.(DIC6617, DIC6644, SV6004)",C - Sparse,2.4356,0.0,0.0016
29.L1.1580.FP1580(1-8),A - ML Candidate,0.9295,0.651,0.9065
"29.L1.3030.F3(05,08,15,17)",A - ML Candidate,0.3384,0.8583,2.8554
29.L1.3030.FK30(1-5),A - ML Candidate,0.6002,1.096,3.2309
29.L1.3060.FC3604(D),A - ML Candidate,0.272,1.1884,1.8083
29.L1.3060.FC3605,A - ML Candidate,0.7378,1.0117,1.4769
"29.L1.3060.FC3606(D,V)",A - ML Candidate,0.8606,1.4525,2.2004
29.L1.3060.FC3618(D),A - ML Candidate,0.8097,1.1014,1.4989
29.L1.3060.FC3619(T),A - ML Candidate,0.7251,0.9129,1.4315
"29.L1.3060.FC3622(D,V)",A - ML Candidate,0.3389,0.9403,1.7937
"29.L1.3060.FC3623(D,V)",A - ML Candidate,0.2043,0.981,2.252
29.L1.3060.FC39002(D),C - Sparse,0.0,0.0,0.2701
29.L1.3060.FC39003,C - Sparse,0.0,0.0,0.282
29.L1.3060.FC39004(D),C - Sparse,0.0,0.0,0.4408
29.L1.3060.FC39005,C - Sparse,0.0,0.0,0.5384
"29.L1.3060.FC39006,29.L1.3060.FC39007",C - Sparse,0.0,0.0,1.0476
29.L1.3060.FC39008(D),C - Sparse,0.0,0.0,0.0
29.L1.3060.FC39009,C - Sparse,0.0,0.0,0.0
29.L1.3060.FC39010(D),C - Sparse,0.0,0.0,0.0
29.L1.3060.FC39011,C - Sparse,0.0,0.0,0.0
29.L1.3060.FC39012(D),C - Sparse,0.0,0.0,1.7398
29.L1.3060.FC39013,C - Sparse,0.0,0.0,2.305
29.L1.3060.FP3618(D),A - ML Candidate,0.3069,1.0594,0.8412
29.L1.3060.FP3619,A - ML Candidate,0.3182,0.836,0.9807
"29.L1.3060.FPH3621(D,V)",A - ML Candidate,0.3452,0.6621,1.0503
29.L1.3060.FUSC3635(D),C - Sparse,0.0,0.0,1.0992
29.L1.3060.FUSC3636,C - Sparse,0.0,0.3526,2.4401
"29.L1.3060.FUSC3641(D,V)",C - Sparse,0.0,0.7429,1.3906
"29.L1.3060.FUSC3642(D,V)",C - Sparse,0.0,0.7548,1.467
"29.L1.3060.FUSC3643(D,V)",C - Sparse,0.0,1.5785,1.874
"29.L1.3060.FUSC3644(D,V)",C - Sparse,0.0,1.1069,1.7994
29.L1.3060.FUSM3645(D),C - Sparse,0.0,0.5724,0.5747
29.L1.3060.FUSM3646,C - Sparse,0.0,0.4479,0.4341
29.L1.3060.FUSM3647(D),C - Sparse,0.0,0.0622,1.1325
29.L1.3060.FUSM3648,C - Sparse,0.0,0.1739,1.4274
29.L1.3060.FUSM3649(D),C - Sparse,0.0,1.394,0.7216
29.L1.3060.FUSM3650,C - Sparse,0.0,1.0977,1.205
29.L1.3060.FUSM3651(D),C - Sparse,0.0,0.039,1.1626
29.L1.3060.FUSM3652,C - Sparse,0.0,0.3081,1.093
"29.L1.4080.FC4802(D,V)",A - ML Candidate,0.1987,0.7522,1.0338
"29.L1.4080.FC4803(D,V)",A - ML Candidate,0.1064,0.578,0.5742
"29.L1.4080.FC4805(D,V)",A - ML Candidate,0.1404,0.3396,0.1282
29.L1.6060.FP(6602-6605),A - ML Candidate,0.2494,0.1708,0.9293
"29.L1.6060.FPH(6001,966001)",A - ML Candidate,0.2653,0.2763,0.9049
31.L1.LEO-100100-0xx,A - ML Candidate,0.2218,0.4471,0.247
"32.L1.ACC-(080160-00x,120120-00x)",A - ML Candidate,0.6965,0.2192,0.6163
"33.L1.ICO-020120-1300(1,3,4)",A - ML Candidate,0.3455,0.3046,0.5184
33.L1.ICO-060120-00x,A - ML Candidate,0.4643,0.1647,0.3799
33.L1.ICO-080160-00(1-5),A - ML Candidate,0.6314,0.0686,0.384
34.L1.ITA-060120-00x,A - ML Candidate,0.4612,0.0989,0.3217
36.L1.8080.IP800(1-7),C - Sparse,0.0,0.0012,0.0
36.L2.3060.USC3601,C - Sparse,0.5459,6.2779,2.0289
36.L2.3060.USC3602,C - Sparse,3.1743,0.0,5.3964
36.L2.3060.USC3603(V),C - Sparse,0.0948,4.7059,4.1529
36.L2.3060.USC3604(D),C - Sparse,0.0,1.5471,8.6381
36.L2.3060.USC36(21-29),C - Sparse,0.0,0.0,3.7543
"36.L2.3060.USC36(31,33,37,38,39)",C - Sparse,0.0,3.1883,4.6712
36.L2.6060.N6002,C - Sparse,0.0,0.0,0.0
"36.L3.3060.USC3601,36.L3.3060.USC3602",C - Sparse,3.1927,2.4605,2.154
"36.L3.3060.USC3603(D,V)",C - Sparse,1.0909,4.5227,0.0
36.L3.3060.USC3604(D),C - Sparse,0.0,6.2184,3.6306
36.L3.3060.USC36(21-29),C - Sparse,0.0,1.6103,7.7793
36.L3.3060.USC363x,C - Sparse,0.0,0.2819,3.7865
38.L1.3060.KAI3607(D),C - Sparse,0.2352,0.0,0.853
38.L1.3060.KAI3608,C - Sparse,0.3153,0.0,0.8868
"38.L1.4080.UT481001(D,T,V)",C - Sparse,0.0,0.0,0.0
"38.L1.4080.UT481002(D,V)",C - Sparse,0.0,0.0,0.0
"38.L1.4080.UT481003(D,V)",C - Sparse,0.0,0.0,0.0
"38.L1.4080.UT481004(D,T,V)",C - Sparse,0.0,0.0,0.0
"38.L1.4080.UT481005(D,V)",C - Sparse,0.0,0.0,0.0
"38.L1.4080.UT481006(D,V)",C - Sparse,0.0,0.0,0.0
"39.L2.6060.UGG60(01,03,04,06,07,10)",C - Sparse,0.0,0.0,0.0
41.L1.3060.M330(1-8),C - Sparse,0.0,0.0,0.0
"41.L1.3060.M340(1,3,5,7)",C - Sparse,0.0,0.0,0.0
"41.L1.3060.MS36100(1T,2D,3V)",C - Sparse,0.0,0.0,0.0
"41.L1.3060.MT36100(1T,2D,3V)",C - Sparse,0.0,0.0,0.0
41.L1.3060.S310(1-8),C - Sparse,0.3854,0.0,0.0
41.L1.3060.U330(1-8),C - Sparse,0.0,0.0,0.0
"41.L1.3060.U340(1,3,5,7)",C - Sparse,0.0,0.0,0.0
"41.L1.3060.UT36100(1T,2D,3V)",C - Sparse,0.0,0.0,0.0
41.L1.4060.MS46200(1-4),C - Sparse,0.0,0.0,0.0
41.L1.4060.MT46200(1-4),C - Sparse,0.0,0.0,0.0
"41.L1.4080.M420(1,3)",C - Sparse,0.2813,0.1036,0.1569
"41.L1.4080.S420(1,4,6,8)",C - Sparse,0.1101,0.0,0.9355
"41.L1.4080.U420(1,3)",C - Sparse,0.14,0.0516,1.8346
41.L1.5050.9150(1-8),C - Sparse,0.2853,1.1912,1.4593
41.L1.5050.MS55200(1-3),C - Sparse,0.0,0.0,0.0
41.L1.5050.S515(1-5),C - Sparse,0.0,0.0,0.0
41.L1.5050.UT55200(1-4),C - Sparse,0.0,0.0,0.0
41.L1.6060.AM615(1-7),C - Sparse,0.0,0.0,0.0
"41.L1.6060.AS615(2,4)",C - Sparse,0.0,0.0,0.0
41.L1.6060.AU615(1-8),C - Sparse,0.0,0.0,0.0
41.L1.6060.MS66300(1-5),C - Sparse,0.0,0.0,0.0
"41.L2.3060.D311(4,6)",C - Sparse,0.0,0.0,0.0
"41.L2.3060.D32(09,14)",C - Sparse,0.0,0.0,0.0
42.HC.A300FUS.TRANG/TRONG,C - Sparse,0.0,0.2127,0.2127
42.HC.A500FUS.TRANG/TRONG,C - Sparse,0.0,0.0,1.0431
44.HC.A500UC.TRONG,C - Sparse,1.2747,0.5665,0.2833
45.PK.LUX.HG.606,C - Sparse,0.0,0.0,0.0
"45.PK.LUX.MA.(07,304.05)",C - Sparse,0.5385,0.0,0.9231
45.PK.LUX.TS.120.120.54/62,C - Sparse,0.2095,0.6286,0.3143
45.PK.LUX.VK.505,C - Sparse,0.44,0.0,0.0
45.PK.LUX.XP.304,C - Sparse,0.0,0.0,0.0
45.TB.LUX.CRC.82.45.2.K,C - Sparse,0.0,1.1,0.0
"46.L1.4080.USC4804(D,V)",C - Sparse,0.2173,0.8274,0.8787
"46.L1.4080.USC4806(D,V)",C - Sparse,0.2309,1.3679,0.6209
"46.L1.4080.USC4808(D,V)",C - Sparse,0.227,0.1679,0.9003
"46.L1.4080.USC4809(D,V)",C - Sparse,0.1511,0.3129,1.7938
"47.L1.3060.FP936601(D,V)",C - Sparse,0.0,0.0,0.5981
47.L1.3060.FP936604(D),C - Sparse,0.0,0.0,0.0
47.L1.3060.FP936605,C - Sparse,0.0,0.0,0.0
47.L1.3060.FP936606(D),C - Sparse,0.0,0.0,0.0
47.L1.3060.FP936607,C - Sparse,0.0,0.0,0.0
"47.L1.3060.FP936608(D,V)",C - Sparse,0.0,0.0,0.0
47.L1.3060.FP936610(D),C - Sparse,0.0,0.0,0.0
"47.L1.3060.FP9366(11,12/12D)",C - Sparse,0.0,0.0,0.0
47.L1.3060.FP936613,C - Sparse,0.0,0.0,0.7029
"47.L1.4080.FP948601(D,V)",C - Sparse,0.0,0.0,0.0
"47.L1.4080.FP948602(D,V)",C - Sparse,0.0,0.0,0.0
"47.L1.4080.FP948603(D,V)",C - Sparse,0.0,0.0,0.0
"47.L1.4080.FP948604(D,V)",C - Sparse,0.0,0.0,0.0
"47.L1.6060.AFP9660(0,4,7)",C - Sparse,0.0,0.0,0.0
"47.L1.6060.AFP96660(2,5)",C - Sparse,0.0,0.0,0.0
"47.L1.6060.AFPH96600(1,9)",C - Sparse,0.0,0.0,0.0
47.L1.6060.FP96600,C - Sparse,0.0,2.3857,2.7734
47.L1.6060.FP966605,C - Sparse,0.0,1.1852,0.8479
47.L1.6060.FPU6666,C - Sparse,0.0,0.0,0.7532
"47.L1.6060.FPU96600(2,3,9)",C - Sparse,0.0,0.7122,1.8884
47.L1.6060.MECO633,C - Sparse,0.0,0.0,0.0
"47.L1.8080.FP186(00,66)",C - Sparse,0.0,0.0959,1.4591
"47.L1.8080.FPU1880(05,11,13,33,35)', '47.L1.8080.FPU188011', '47.L1.8080.FPU188013', '47.L1.8080.FPU188033', '47.L1.8080.FPU188035']",C - Sparse,0.0,0.5578,0.6251
"47.L1.8080.FPU80(03,17)",C - Sparse,1.3839,0.6747,0.3981
47.L2.8080.CTN8002DB,C - Sparse,0.0,0.0,0.0
29.L1.3060.FC39006D,C - Sparse,0.0,0.0,1.5982
29.L1.3060.FC39007,C - Sparse,0.0,0.0,1.0509
36.L3.3060.USC3602,C - Sparse,4.8171,2.0579,0.0
41.L1.6060.AU6155,C - Sparse,0.0,0.0,0.0
